FECHA,TEMPERATURA,PRECIPITACION,VIENTO,ID_AREA
01-01-2024,6.6,0.0,0.9,52141.0
02-01-2024,6.3,0.1,0.66,52141.0
03-01-2024,10.7,4.2,1.51,52141.0
04-01-2024,10.0,3.9,0.91,52141.0
05-01-2024,7.2,1.5,2.7,52141.0
06-01-2024,6.4,0.0,1.91,52141.0
07-01-2024,5.4,0.1,0.98,52141.0
08-01-2024,4.2,0.0,0.82,52141.0
09-01-2024,5.9,0.0,0.82,52141.0
10-01-2024,6.3,0.7,1.76,52141.0
11-01-2024,4.7,0.0,1.61,52141.0
12-01-2024,2.9,0.2,1.3,52141.0
13-01-2024,5.5,0.0,0.76,52141.0
14-01-2024,7.7,1.3,0.98,52141.0
15-01-2024,11.4,3.7,1.94,52141.0
16-01-2024,12.9,0.1,2.6,52141.0
17-01-2024,11.0,8.9,4.29,52141.0
18-01-2024,11.3,0.2,3.63,52141.0
19-01-2024,6.6,25.5,3.41,52141.0
20-01-2024,5.9,0.0,2.13,52141.0
21-01-2024,7.9,0.0,0.87,52141.0
22-01-2024,6.5,0.0,0.68,52141.0
23-01-2024,9.2,0.0,0.82,52141.0
24-01-2024,11.6,0.0,0.92,52141.0
25-01-2024,11.7,0.0,0.9,52141.0
26-01-2024,12.3,0.0,0.78,52141.0
27-01-2024,12.5,0.0,1.51,52141.0
28-01-2024,11.2,0.0,1.3,52141.0
29-01-2024,10.9,0.0,1.16,52141.0
30-01-2024,9.5,0.0,0.79,52141.0
31-01-2024,6.9,0.0,1.32,52141.0
01-02-2024,10.3,0.0,1.29,52141.0
02-02-2024,10.4,0.0,1.8,52141.0
03-02-2024,9.7,0.0,1.53,52141.0
04-02-2024,10.0,0.0,0.78,52141.0
05-02-2024,9.7,0.0,0.71,52141.0
06-02-2024,10.0,0.0,1.02,52141.0
07-02-2024,9.0,0.0,1.5,52141.0
08-02-2024,9.7,0.5,2.21,52141.0
09-02-2024,9.5,12.7,2.94,52141.0
10-02-2024,7.8,0.8,3.58,52141.0
11-02-2024,5.6,0.1,2.66,52141.0
12-02-2024,9.7,0.1,2.27,52141.0
13-02-2024,12.8,0.0,0.87,52141.0
14-02-2024,13.6,0.0,1.23,52141.0
15-02-2024,12.1,3.2,2.03,52141.0
16-02-2024,11.8,0.1,1.49,52141.0
17-02-2024,11.0,0.0,1.11,52141.0
18-02-2024,11.1,0.0,0.97,52141.0
19-02-2024,12.8,0.0,1.44,52141.0
20-02-2024,12.0,0.0,1.17,52141.0
21-02-2024,10.8,0.0,0.99,52141.0
22-02-2024,10.5,4.1,3.69,52141.0
23-02-2024,6.6,0.3,3.24,52141.0
24-02-2024,6.7,0.0,2.68,52141.0
25-02-2024,9.1,0.3,5.29,52141.0
26-02-2024,8.7,0.1,3.56,52141.0
27-02-2024,7.2,0.0,2.94,52141.0
28-02-2024,8.4,0.0,2.21,52141.0
29-02-2024,8.4,0.0,2.49,52141.0
30-02-2024,0.0,0.0,0.0,52141.0
31-02-2024,0.0,0.0,0.0,52141.0
01-03-2024,7.5,0.0,2.75,52141.0
02-03-2024,5.9,11.2,3.99,52141.0
03-03-2024,5.9,0.3,3.4,52141.0
04-03-2024,8.8,0.0,3.14,52141.0
05-03-2024,9.4,0.0,1.51,52141.0
06-03-2024,8.4,0.0,1.19,52141.0
07-03-2024,7.9,5.6,2.29,52141.0
08-03-2024,6.5,6.8,4.03,52141.0
09-03-2024,5.7,6.0,3.6,52141.0
10-03-2024,7.6,3.1,3.4,52141.0
11-03-2024,9.8,0.0,2.79,52141.0
12-03-2024,10.2,0.0,1.11,52141.0
13-03-2024,12.2,0.0,1.29,52141.0
14-03-2024,11.6,0.0,1.8,52141.0
15-03-2024,12.5,0.0,1.05,52141.0
16-03-2024,13.3,0.0,0.87,52141.0
17-03-2024,15.6,0.0,0.88,52141.0
18-03-2024,16.0,0.0,1.01,52141.0
19-03-2024,17.4,0.0,1.26,52141.0
20-03-2024,17.2,0.0,2.14,52141.0
21-03-2024,17.8,0.3,2.73,52141.0
22-03-2024,18.4,0.0,2.12,52141.0
23-03-2024,18.0,0.0,2.16,52141.0
24-03-2024,16.5,0.0,2.63,52141.0
25-03-2024,12.3,2.9,1.96,52141.0
26-03-2024,6.4,1.4,3.47,52141.0
27-03-2024,8.4,0.9,5.1,52141.0
28-03-2024,10.7,12.6,4.04,52141.0
29-03-2024,7.5,6.9,2.12,52141.0
30-03-2024,7.3,6.9,2.84,52141.0
31-03-2024,6.5,7.6,2.82,52141.0
01-04-2024,7.6,1.1,2.93,52141.0
02-04-2024,10.1,0.0,1.74,52141.0
03-04-2024,12.9,0.0,1.9,52141.0
04-04-2024,14.5,0.0,1.12,52141.0
05-04-2024,16.4,0.0,1.65,52141.0
06-04-2024,18.4,0.0,1.52,52141.0
07-04-2024,17.9,0.0,1.89,52141.0
08-04-2024,13.4,0.7,3.32,52141.0
09-04-2024,10.7,0.0,1.6,52141.0
10-04-2024,12.9,0.0,1.75,52141.0
11-04-2024,18.4,0.0,2.34,52141.0
12-04-2024,18.0,0.0,1.17,52141.0
13-04-2024,18.9,0.0,1.11,52141.0
14-04-2024,19.7,0.0,1.41,52141.0
15-04-2024,20.7,0.0,1.35,52141.0
16-04-2024,18.8,0.0,1.76,52141.0
17-04-2024,14.7,0.0,2.91,52141.0
18-04-2024,14.5,0.0,3.25,52141.0
19-04-2024,13.7,0.0,2.16,52141.0
20-04-2024,17.0,0.0,1.8,52141.0
21-04-2024,16.1,0.0,2.44,52141.0
22-04-2024,12.1,0.0,3.9,52141.0
23-04-2024,9.8,0.0,2.94,52141.0
24-04-2024,11.4,0.0,1.97,52141.0
25-04-2024,13.7,0.0,1.36,52141.0
26-04-2024,13.2,0.0,2.48,52141.0
27-04-2024,10.9,8.0,3.36,52141.0
28-04-2024,11.7,0.0,1.14,52141.0
29-04-2024,12.8,0.0,2.18,52141.0
30-04-2024,13.1,0.0,2.24,52141.0
31-04-2024,0.0,0.0,0.0,52141.0
01-05-2024,10.4,0.0,3.2,52141.0
02-05-2024,10.2,0.0,2.45,52141.0
03-05-2024,12.6,0.0,1.83,52141.0
04-05-2024,16.2,0.0,2.65,52141.0
05-05-2024,16.1,2.8,2.9,52141.0
06-05-2024,15.2,0.5,1.57,52141.0
07-05-2024,15.5,0.0,1.85,52141.0
08-05-2024,16.5,0.0,2.41,52141.0
09-05-2024,19.1,0.0,1.5,52141.0
10-05-2024,21.3,0.0,1.93,52141.0
11-05-2024,21.2,0.0,2.58,52141.0
12-05-2024,21.5,0.0,1.5,52141.0
13-05-2024,21.2,0.0,2.6,52141.0
14-05-2024,15.0,0.7,3.0,52141.0
15-05-2024,13.6,0.0,2.68,52141.0
16-05-2024,13.2,0.0,2.61,52141.0
17-05-2024,15.0,0.0,2.28,52141.0
18-05-2024,16.0,0.0,1.46,52141.0
19-05-2024,16.1,0.0,2.22,52141.0
20-05-2024,14.9,0.0,1.64,52141.0
21-05-2024,15.3,2.4,1.56,52141.0
22-05-2024,16.2,0.0,1.73,52141.0
23-05-2024,17.7,0.0,1.53,52141.0
24-05-2024,19.7,0.0,2.09,52141.0
25-05-2024,21.4,0.0,2.41,52141.0
26-05-2024,21.6,0.0,2.15,52141.0
27-05-2024,23.0,0.0,1.5,52141.0
28-05-2024,23.2,0.0,1.98,52141.0
29-05-2024,25.7,0.0,1.8,52141.0
30-05-2024,26.2,0.0,2.28,52141.0
31-05-2024,21.6,0.0,3.69,52141.0
01-06-2024,18.8,0.0,3.89,52141.0
02-06-2024,19.6,0.0,3.01,52141.0
03-06-2024,21.8,0.0,2.46,52141.0
04-06-2024,23.8,0.0,1.62,52141.0
05-06-2024,25.9,0.0,1.84,52141.0
06-06-2024,26.7,2.0,1.88,52141.0
07-06-2024,26.6,0.0,2.91,52141.0
08-06-2024,20.0,4.3,2.21,52141.0
09-06-2024,19.6,0.0,1.64,52141.0
10-06-2024,16.9,12.4,2.08,52141.0
11-06-2024,18.2,0.0,2.26,52141.0
12-06-2024,18.8,0.4,2.61,52141.0
13-06-2024,20.1,0.0,2.51,52141.0
14-06-2024,23.2,0.0,2.56,52141.0
15-06-2024,23.0,0.0,2.22,52141.0
16-06-2024,22.7,0.0,1.89,52141.0
17-06-2024,23.7,0.0,2.07,52141.0
18-06-2024,21.2,0.7,2.08,52141.0
19-06-2024,18.9,0.2,1.79,52141.0
20-06-2024,16.7,8.8,1.8,52141.0
21-06-2024,20.9,0.0,1.07,52141.0
22-06-2024,23.3,0.0,1.78,52141.0
23-06-2024,23.7,0.0,2.51,52141.0
24-06-2024,24.7,0.0,1.97,52141.0
25-06-2024,26.9,0.0,1.8,52141.0
26-06-2024,25.2,0.2,2.53,52141.0
27-06-2024,26.7,0.0,2.97,52141.0
28-06-2024,22.9,0.0,2.95,52141.0
29-06-2024,18.9,0.7,3.41,52141.0
30-06-2024,21.3,0.0,1.68,52141.0
31-06-2024,0.0,0.0,0.0,52141.0
01-07-2024,23.5,0.0,2.25,52141.0
02-07-2024,23.4,0.0,2.66,52141.0
03-07-2024,25.9,0.0,1.88,52141.0
04-07-2024,28.6,0.0,1.59,52141.0
05-07-2024,29.7,0.0,2.35,52141.0
06-07-2024,27.8,0.0,2.71,52141.0
07-07-2024,24.0,0.0,2.57,52141.0
08-07-2024,26.0,0.0,2.0,52141.0
09-07-2024,26.2,0.0,2.31,52141.0
10-07-2024,27.3,0.0,2.06,52141.0
11-07-2024,28.9,0.0,2.75,52141.0
12-07-2024,27.5,0.0,1.94,52141.0
13-07-2024,25.9,0.0,2.84,52141.0
14-07-2024,26.2,0.0,2.95,52141.0
15-07-2024,25.1,0.0,3.54,52141.0
16-07-2024,25.6,0.0,1.57,52141.0
17-07-2024,27.0,0.0,1.62,52141.0
18-07-2024,28.6,0.0,1.58,52141.0
19-07-2024,29.9,0.0,1.87,52141.0
20-07-2024,28.5,0.0,2.78,52141.0
21-07-2024,26.1,0.0,1.99,52141.0
22-07-2024,26.0,0.0,2.06,52141.0
23-07-2024,29.8,0.0,1.68,52141.0
24-07-2024,32.0,0.0,2.0,52141.0
25-07-2024,32.1,0.0,2.05,52141.0
26-07-2024,30.7,0.0,1.91,52141.0
27-07-2024,31.0,0.0,2.09,52141.0
28-07-2024,31.5,0.0,3.43,52141.0
29-07-2024,29.8,0.0,2.34,52141.0
30-07-2024,29.8,0.0,2.69,52141.0
31-07-2024,30.4,0.0,2.1,52141.0
01-01-2024,3.9,0.0,0.6,4986445.0
02-01-2024,2.9,0.1,0.34,4986445.0
03-01-2024,8.2,1.7,1.26,4986445.0
04-01-2024,7.3,4.0,0.71,4986445.0
05-01-2024,4.9,1.5,2.16,4986445.0
06-01-2024,4.2,0.0,1.99,4986445.0
07-01-2024,3.2,0.0,0.49,4986445.0
08-01-2024,1.3,0.0,0.46,4986445.0
09-01-2024,3.5,0.0,0.57,4986445.0
10-01-2024,3.7,0.9,1.56,4986445.0
11-01-2024,2.9,0.0,0.76,4986445.0
12-01-2024,1.6,0.0,0.81,4986445.0
13-01-2024,2.8,0.0,0.22,4986445.0
14-01-2024,4.6,1.6,0.41,4986445.0
15-01-2024,9.2,3.8,1.99,4986445.0
16-01-2024,10.8,0.0,2.53,4986445.0
17-01-2024,9.0,8.9,4.03,4986445.0
18-01-2024,9.0,0.4,3.52,4986445.0
19-01-2024,4.6,30.2,2.22,4986445.0
20-01-2024,4.2,0.0,1.19,4986445.0
21-01-2024,5.1,0.0,0.4,4986445.0
22-01-2024,3.4,0.0,0.27,4986445.0
23-01-2024,6.2,0.0,0.16,4986445.0
24-01-2024,8.0,0.0,0.17,4986445.0
25-01-2024,7.8,0.0,0.23,4986445.0
26-01-2024,8.6,0.0,0.17,4986445.0
27-01-2024,8.5,0.0,0.28,4986445.0
28-01-2024,7.8,0.0,0.32,4986445.0
29-01-2024,7.8,0.0,0.48,4986445.0
30-01-2024,5.9,0.0,0.23,4986445.0
31-01-2024,4.2,0.0,0.4,4986445.0
01-02-2024,6.9,0.0,0.31,4986445.0
02-02-2024,6.8,0.0,0.79,4986445.0
03-02-2024,6.8,0.0,0.52,4986445.0
04-02-2024,6.6,0.0,0.2,4986445.0
05-02-2024,5.8,0.0,0.25,4986445.0
06-02-2024,6.7,0.0,0.57,4986445.0
07-02-2024,6.6,0.0,1.51,4986445.0
08-02-2024,7.3,0.4,1.61,4986445.0
09-02-2024,7.3,10.7,2.36,4986445.0
10-02-2024,5.7,0.2,3.5,4986445.0
11-02-2024,3.2,0.0,2.13,4986445.0
12-02-2024,7.3,0.1,2.52,4986445.0
13-02-2024,9.8,0.0,0.76,4986445.0
14-02-2024,6.2,0.0,0.01,4986445.0
15-02-2024,0.0,0.0,0.0,4986445.0
16-02-2024,0.0,0.0,0.0,4986445.0
17-02-2024,0.0,0.0,0.0,4986445.0
18-02-2024,0.0,0.0,0.0,4986445.0
19-02-2024,14.3,0.0,0.77,4986445.0
20-02-2024,10.5,0.0,0.52,4986445.0
21-02-2024,7.6,0.0,0.63,4986445.0
22-02-2024,8.2,3.1,3.27,4986445.0
23-02-2024,4.5,0.0,2.94,4986445.0
24-02-2024,4.3,0.0,2.12,4986445.0
25-02-2024,7.2,0.4,5.17,4986445.0
26-02-2024,6.5,0.0,2.73,4986445.0
27-02-2024,5.4,0.0,1.97,4986445.0
28-02-2024,6.3,0.0,1.52,4986445.0
29-02-2024,5.8,0.0,1.64,4986445.0
30-02-2024,0.0,0.0,0.0,4986445.0
31-02-2024,0.0,0.0,0.0,4986445.0
01-03-2024,5.6,0.0,2.71,4986445.0
02-03-2024,4.0,9.1,3.92,4986445.0
03-03-2024,4.0,0.0,2.62,4986445.0
04-03-2024,6.7,0.0,3.05,4986445.0
05-03-2024,7.2,0.0,1.4,4986445.0
06-03-2024,6.1,0.0,0.52,4986445.0
07-03-2024,5.3,4.5,1.49,4986445.0
08-03-2024,4.7,8.7,3.42,4986445.0
09-03-2024,3.7,5.0,3.44,4986445.0
10-03-2024,5.6,3.6,2.95,4986445.0
11-03-2024,7.5,0.0,2.2,4986445.0
12-03-2024,7.6,0.0,0.5,4986445.0
13-03-2024,9.3,0.0,0.51,4986445.0
14-03-2024,8.7,0.0,1.48,4986445.0
15-03-2024,10.0,0.0,0.8,4986445.0
16-03-2024,10.1,0.0,0.57,4986445.0
17-03-2024,12.5,0.0,0.45,4986445.0
18-03-2024,12.8,0.0,0.52,4986445.0
19-03-2024,14.6,0.0,0.57,4986445.0
20-03-2024,14.3,0.1,1.04,4986445.0
21-03-2024,15.6,0.1,1.54,4986445.0
22-03-2024,16.1,0.0,0.91,4986445.0
23-03-2024,15.0,0.0,1.06,4986445.0
24-03-2024,14.3,0.0,1.41,4986445.0
25-03-2024,9.9,1.4,1.56,4986445.0
26-03-2024,4.1,3.9,3.47,4986445.0
27-03-2024,6.6,2.2,4.82,4986445.0
28-03-2024,8.4,12.4,3.91,4986445.0
29-03-2024,5.2,5.5,1.78,4986445.0
30-03-2024,5.3,6.8,2.01,4986445.0
31-03-2024,4.6,7.7,2.58,4986445.0
01-04-2024,5.7,3.8,2.89,4986445.0
02-04-2024,7.8,0.0,1.2,4986445.0
03-04-2024,10.8,0.0,1.64,4986445.0
04-04-2024,11.6,0.0,0.69,4986445.0
05-04-2024,13.8,0.0,0.81,4986445.0
06-04-2024,16.4,0.0,1.07,4986445.0
07-04-2024,15.2,0.0,1.34,4986445.0
08-04-2024,11.0,0.5,2.72,4986445.0
09-04-2024,8.9,0.0,1.13,4986445.0
10-04-2024,11.9,0.0,0.93,4986445.0
11-04-2024,16.2,0.0,1.2,4986445.0
12-04-2024,15.4,0.0,0.73,4986445.0
13-04-2024,16.3,0.0,0.54,4986445.0
14-04-2024,16.7,0.0,0.7,4986445.0
15-04-2024,18.1,0.0,0.89,4986445.0
16-04-2024,16.6,0.0,0.94,4986445.0
17-04-2024,13.9,0.0,1.75,4986445.0
18-04-2024,13.5,0.0,1.77,4986445.0
19-04-2024,12.5,0.0,1.5,4986445.0
20-04-2024,15.4,0.0,1.2,4986445.0
21-04-2024,14.9,0.0,1.58,4986445.0
22-04-2024,10.9,0.0,2.73,4986445.0
23-04-2024,9.1,0.0,1.94,4986445.0
24-04-2024,9.7,0.0,1.63,4986445.0
25-04-2024,10.7,0.0,0.92,4986445.0
26-04-2024,10.3,0.0,2.02,4986445.0
27-04-2024,8.7,6.2,3.02,4986445.0
28-04-2024,9.0,0.0,0.91,4986445.0
29-04-2024,10.4,0.0,1.33,4986445.0
30-04-2024,10.5,0.0,2.19,4986445.0
31-04-2024,0.0,0.0,0.0,4986445.0
01-05-2024,8.0,1.3,2.94,4986445.0
02-05-2024,7.9,0.0,2.15,4986445.0
03-05-2024,10.1,0.0,1.56,4986445.0
04-05-2024,13.8,0.0,2.53,4986445.0
05-05-2024,13.7,2.8,2.77,4986445.0
06-05-2024,13.0,0.2,1.37,4986445.0
07-05-2024,13.2,0.0,1.16,4986445.0
08-05-2024,14.8,0.0,1.7,4986445.0
09-05-2024,16.5,0.0,0.67,4986445.0
10-05-2024,18.9,0.0,1.01,4986445.0
11-05-2024,19.2,0.0,1.63,4986445.0
12-05-2024,18.7,0.0,0.92,4986445.0
13-05-2024,18.4,0.0,2.24,4986445.0
14-05-2024,12.7,1.3,2.0,4986445.0
15-05-2024,11.6,0.0,2.01,4986445.0
16-05-2024,10.8,0.0,2.44,4986445.0
17-05-2024,12.7,0.0,2.25,4986445.0
18-05-2024,13.6,0.0,1.3,4986445.0
19-05-2024,13.4,0.0,1.5,4986445.0
20-05-2024,12.6,0.0,1.14,4986445.0
21-05-2024,12.6,1.5,1.47,4986445.0
22-05-2024,13.6,0.0,1.45,4986445.0
23-05-2024,15.3,0.0,0.89,4986445.0
24-05-2024,17.8,0.0,1.64,4986445.0
25-05-2024,18.7,0.0,1.83,4986445.0
26-05-2024,19.0,0.0,1.8,4986445.0
27-05-2024,20.2,0.0,1.04,4986445.0
28-05-2024,21.2,0.0,1.41,4986445.0
29-05-2024,23.6,0.0,1.09,4986445.0
30-05-2024,24.5,0.0,1.53,4986445.0
31-05-2024,20.2,0.0,2.61,4986445.0
01-06-2024,17.3,0.0,2.78,4986445.0
02-06-2024,17.8,0.0,2.08,4986445.0
03-06-2024,19.8,0.0,1.77,4986445.0
04-06-2024,21.7,0.0,1.32,4986445.0
05-06-2024,23.7,0.0,1.29,4986445.0
06-06-2024,24.0,3.8,1.08,4986445.0
07-06-2024,24.7,0.0,1.82,4986445.0
08-06-2024,17.0,4.5,1.55,4986445.0
09-06-2024,17.1,0.0,1.33,4986445.0
10-06-2024,14.5,31.1,1.39,4986445.0
11-06-2024,16.6,0.0,1.53,4986445.0
12-06-2024,16.9,4.2,1.86,4986445.0
13-06-2024,18.1,0.0,2.12,4986445.0
14-06-2024,20.5,0.0,2.2,4986445.0
15-06-2024,20.2,0.0,1.74,4986445.0
16-06-2024,20.3,0.0,1.68,4986445.0
17-06-2024,20.9,0.0,1.78,4986445.0
18-06-2024,18.1,1.9,1.69,4986445.0
19-06-2024,15.9,0.1,1.47,4986445.0
20-06-2024,14.3,0.5,1.6,4986445.0
21-06-2024,18.6,0.0,0.93,4986445.0
22-06-2024,20.6,0.0,1.15,4986445.0
23-06-2024,21.9,0.0,1.9,4986445.0
24-06-2024,23.0,0.0,1.46,4986445.0
25-06-2024,24.8,0.0,1.3,4986445.0
26-06-2024,22.4,0.3,1.58,4986445.0
27-06-2024,24.3,0.0,1.62,4986445.0
28-06-2024,20.1,0.0,2.19,4986445.0
29-06-2024,16.4,0.5,3.36,4986445.0
30-06-2024,18.7,0.0,1.47,4986445.0
31-06-2024,0.0,0.0,0.0,4986445.0
01-07-2024,20.9,0.0,1.37,4986445.0
02-07-2024,21.6,0.0,1.9,4986445.0
03-07-2024,24.0,0.0,1.14,4986445.0
04-07-2024,26.4,0.0,0.83,4986445.0
05-07-2024,27.6,0.0,1.62,4986445.0
06-07-2024,25.4,0.0,2.28,4986445.0
07-07-2024,21.7,0.0,2.11,4986445.0
08-07-2024,23.7,0.0,1.53,4986445.0
09-07-2024,23.7,0.0,1.94,4986445.0
10-07-2024,24.6,0.0,1.96,4986445.0
11-07-2024,26.2,0.0,2.47,4986445.0
12-07-2024,25.2,0.0,1.34,4986445.0
13-07-2024,23.9,0.0,2.31,4986445.0
14-07-2024,23.8,0.0,2.55,4986445.0
15-07-2024,22.6,0.0,3.54,4986445.0
16-07-2024,23.0,0.0,1.15,4986445.0
17-07-2024,24.6,0.0,0.96,4986445.0
18-07-2024,25.8,0.0,1.01,4986445.0
19-07-2024,27.2,0.0,1.39,4986445.0
20-07-2024,25.8,0.0,2.33,4986445.0
21-07-2024,23.9,0.0,1.68,4986445.0
22-07-2024,24.6,0.0,1.46,4986445.0
23-07-2024,28.3,0.0,1.07,4986445.0
24-07-2024,30.3,0.0,1.38,4986445.0
25-07-2024,30.0,0.0,1.39,4986445.0
26-07-2024,28.9,0.0,1.43,4986445.0
27-07-2024,28.8,0.0,1.44,4986445.0
28-07-2024,29.0,0.0,2.17,4986445.0
29-07-2024,27.6,0.0,1.58,4986445.0
30-07-2024,28.5,0.0,1.84,4986445.0
31-07-2024,28.0,0.0,1.79,4986445.0
01-01-2024,5.9,0.0,0.61,-1.0
02-01-2024,5.0,0.0,0.47,-1.0
03-01-2024,10.5,1.75,0.97,-1.0
04-01-2024,9.0,2.85,0.58,-1.0
05-01-2024,7.3,0.75,1.75,-1.0
06-01-2024,5.9,0.0,0.99,-1.0
07-01-2024,4.6,0.0,0.68,-1.0
08-01-2024,3.6,0.0,0.6,-1.0
09-01-2024,5.3,0.0,0.55,-1.0
10-01-2024,6.4,0.0,1.05,-1.0
11-01-2024,4.5,0.0,0.81,-1.0
12-01-2024,2.2,0.0,0.63,-1.0
13-01-2024,4.6,0.0,0.48,-1.0
14-01-2024,6.8,1.0,0.64,-1.0
15-01-2024,10.1,3.35,1.11,-1.0
16-01-2024,12.8,0.1,1.67,-1.0
17-01-2024,10.9,4.6,2.68,-1.0
18-01-2024,11.5,0.0,2.13,-1.0
19-01-2024,6.1,14.9,2.08,-1.0
20-01-2024,5.8,0.0,1.17,-1.0
21-01-2024,7.4,0.0,0.67,-1.0
22-01-2024,4.9,0.0,0.56,-1.0
23-01-2024,8.5,0.0,0.46,-1.0
24-01-2024,10.8,0.0,0.57,-1.0
25-01-2024,11.0,0.0,0.52,-1.0
26-01-2024,11.6,0.0,0.55,-1.0
27-01-2024,11.5,0.0,0.55,-1.0
28-01-2024,10.4,0.0,0.57,-1.0
29-01-2024,10.2,0.0,0.62,-1.0
30-01-2024,8.6,0.0,0.52,-1.0
31-01-2024,6.2,0.0,0.5,-1.0
01-02-2024,9.9,0.0,0.51,-1.0
02-02-2024,9.4,0.0,0.84,-1.0
03-02-2024,9.0,0.0,0.71,-1.0
04-02-2024,9.4,0.0,0.53,-1.0
05-02-2024,8.9,0.0,0.51,-1.0
06-02-2024,9.1,0.0,0.58,-1.0
07-02-2024,7.3,0.0,0.87,-1.0
08-02-2024,9.5,0.6,1.56,-1.0
09-02-2024,9.1,6.4,2.11,-1.0
10-02-2024,7.7,0.15,2.68,-1.0
11-02-2024,5.9,0.05,1.75,-1.0
12-02-2024,9.9,0.1,1.53,-1.0
13-02-2024,11.7,0.0,0.64,-1.0
14-02-2024,12.7,0.0,0.77,-1.0
15-02-2024,11.2,1.55,0.97,-1.0
16-02-2024,11.5,0.0,1.15,-1.0
17-02-2024,10.8,0.0,0.7,-1.0
18-02-2024,10.2,0.0,0.57,-1.0
19-02-2024,11.9,0.0,0.61,-1.0
20-02-2024,11.1,0.0,0.71,-1.0
21-02-2024,9.8,0.0,0.64,-1.0
22-02-2024,10.3,1.6,2.06,-1.0
23-02-2024,6.7,1.05,2.4,-1.0
24-02-2024,6.9,0.0,2.01,-1.0
25-02-2024,9.4,0.4,2.83,-1.0
26-02-2024,8.7,0.0,2.19,-1.0
27-02-2024,6.8,0.0,2.7,-1.0
28-02-2024,8.1,0.0,2.15,-1.0
29-02-2024,7.8,0.0,1.65,-1.0
30-02-2024,0.0,0.0,0.0,-1.0
31-02-2024,0.0,0.0,0.0,-1.0
01-03-2024,7.4,0.0,1.8,-1.0
02-03-2024,6.0,5.25,2.54,-1.0
03-03-2024,5.9,0.0,2.41,-1.0
04-03-2024,9.1,0.0,1.88,-1.0
05-03-2024,8.8,0.0,1.1,-1.0
06-03-2024,7.5,0.0,0.76,-1.0
07-03-2024,7.4,2.9,1.47,-1.0
08-03-2024,6.3,3.55,2.69,-1.0
09-03-2024,5.7,3.75,2.34,-1.0
10-03-2024,7.9,1.6,2.56,-1.0
11-03-2024,9.8,0.0,1.62,-1.0
12-03-2024,9.7,0.0,0.59,-1.0
13-03-2024,11.5,0.0,0.7,-1.0
14-03-2024,11.3,0.0,1.11,-1.0
15-03-2024,11.7,0.0,0.65,-1.0
16-03-2024,12.7,0.0,0.76,-1.0
17-03-2024,15.0,0.0,0.66,-1.0
18-03-2024,15.4,0.0,0.73,-1.0
19-03-2024,16.7,0.0,0.75,-1.0
20-03-2024,16.0,0.0,1.0,-1.0
21-03-2024,17.1,0.0,1.24,-1.0
22-03-2024,17.5,0.0,0.79,-1.0
23-03-2024,17.0,0.0,1.04,-1.0
24-03-2024,15.6,0.0,0.95,-1.0
25-03-2024,11.7,1.95,1.1,-1.0
26-03-2024,6.6,1.35,2.3,-1.0
27-03-2024,8.7,0.95,2.85,-1.0
28-03-2024,10.9,6.25,2.68,-1.0
29-03-2024,7.7,4.25,1.47,-1.0
30-03-2024,7.0,3.65,1.94,-1.0
31-03-2024,6.4,5.4,1.88,-1.0
01-04-2024,8.0,0.15,1.94,-1.0
02-04-2024,9.6,0.0,1.07,-1.0
03-04-2024,13.0,0.0,1.2,-1.0
04-04-2024,13.4,0.0,0.79,-1.0
05-04-2024,15.0,0.0,0.76,-1.0
06-04-2024,17.2,0.0,0.75,-1.0
07-04-2024,17.6,0.0,1.12,-1.0
08-04-2024,13.7,0.15,1.86,-1.0
09-04-2024,10.5,0.0,0.96,-1.0
10-04-2024,12.6,0.0,0.84,-1.0
11-04-2024,17.7,0.0,1.07,-1.0
12-04-2024,17.7,0.0,0.67,-1.0
13-04-2024,18.6,0.0,0.62,-1.0
14-04-2024,19.3,0.0,0.84,-1.0
15-04-2024,19.7,0.0,0.77,-1.0
16-04-2024,18.0,0.0,0.89,-1.0
17-04-2024,14.5,0.0,1.19,-1.0
18-04-2024,13.9,0.0,1.33,-1.0
19-04-2024,13.4,0.0,1.05,-1.0
20-04-2024,16.3,0.0,0.96,-1.0
21-04-2024,15.7,0.0,1.0,-1.0
22-04-2024,11.6,0.0,1.73,-1.0
23-04-2024,9.5,0.0,1.47,-1.0
24-04-2024,11.1,0.0,1.04,-1.0
25-04-2024,13.0,0.0,0.83,-1.0
26-04-2024,12.9,0.0,1.42,-1.0
27-04-2024,10.9,5.05,2.22,-1.0
28-04-2024,11.2,0.0,0.79,-1.0
29-04-2024,12.4,0.0,1.0,-1.0
30-04-2024,12.8,0.0,1.43,-1.0
31-04-2024,0.0,0.0,0.0,-1.0
01-05-2024,10.5,0.0,2.25,-1.0
02-05-2024,10.5,0.0,1.75,-1.0
03-05-2024,12.8,0.0,1.14,-1.0
04-05-2024,16.2,0.0,1.42,-1.0
05-05-2024,16.3,4.4,1.52,-1.0
06-05-2024,15.0,0.45,0.68,-1.0
07-05-2024,14.8,0.0,0.69,-1.0
08-05-2024,16.2,0.0,0.78,-1.0
09-05-2024,18.6,0.0,0.34,-1.0
10-05-2024,20.7,0.0,0.41,-1.0
11-05-2024,20.7,0.0,0.8,-1.0
12-05-2024,21.0,0.0,0.53,-1.0
13-05-2024,20.7,0.0,1.27,-1.0
14-05-2024,15.0,0.35,1.66,-1.0
15-05-2024,13.8,0.0,1.19,-1.0
16-05-2024,13.3,0.0,1.8,-1.0
17-05-2024,14.9,0.55,1.37,-1.0
18-05-2024,15.6,0.0,0.63,-1.0
19-05-2024,15.5,0.0,0.9,-1.0
20-05-2024,14.4,0.0,0.69,-1.0
21-05-2024,15.0,0.05,0.81,-1.0
22-05-2024,15.8,0.0,0.69,-1.0
23-05-2024,17.3,0.0,0.39,-1.0
24-05-2024,19.4,0.0,0.63,-1.0
25-05-2024,20.8,0.0,1.05,-1.0
26-05-2024,21.4,0.0,0.97,-1.0
27-05-2024,22.7,0.0,0.53,-1.0
28-05-2024,22.8,0.0,0.53,-1.0
29-05-2024,25.1,0.0,0.46,-1.0
30-05-2024,25.6,0.0,0.77,-1.0
31-05-2024,20.9,0.0,1.5,-1.0
01-06-2024,18.1,0.0,1.55,-1.0
02-06-2024,19.2,0.0,1.1,-1.0
03-06-2024,21.3,0.0,0.81,-1.0
04-06-2024,23.4,0.0,0.52,-1.0
05-06-2024,25.5,0.0,0.65,-1.0
06-06-2024,25.8,1.4,0.47,-1.0
07-06-2024,25.7,0.0,0.84,-1.0
08-06-2024,19.7,1.6,0.84,-1.0
09-06-2024,18.8,0.05,0.44,-1.0
10-06-2024,16.1,14.55,0.73,-1.0
11-06-2024,17.8,0.0,0.82,-1.0
12-06-2024,18.3,0.0,1.01,-1.0
13-06-2024,19.8,0.0,1.09,-1.0
14-06-2024,23.0,0.0,1.47,-1.0
15-06-2024,23.2,0.0,0.97,-1.0
16-06-2024,22.3,0.0,0.85,-1.0
17-06-2024,23.7,0.0,1.12,-1.0
18-06-2024,20.8,0.1,1.06,-1.0
19-06-2024,18.6,0.05,0.96,-1.0
20-06-2024,16.4,4.2,0.73,-1.0
21-06-2024,20.5,0.0,0.37,-1.0
22-06-2024,22.6,0.0,0.68,-1.0
23-06-2024,23.2,0.0,1.03,-1.0
24-06-2024,24.2,0.0,0.66,-1.0
25-06-2024,26.1,0.0,0.51,-1.0
26-06-2024,24.4,0.1,0.67,-1.0
27-06-2024,25.9,0.0,0.88,-1.0
28-06-2024,22.6,0.0,1.02,-1.0
29-06-2024,18.8,0.5,1.98,-1.0
30-06-2024,21.4,0.0,0.77,-1.0
31-06-2024,0.0,0.0,0.0,-1.0
01-07-2024,22.7,0.0,0.86,-1.0
02-07-2024,22.9,0.0,1.04,-1.0
03-07-2024,25.3,0.0,0.48,-1.0
04-07-2024,27.8,0.0,0.39,-1.0
05-07-2024,29.1,0.0,0.86,-1.0
06-07-2024,27.3,0.0,1.17,-1.0
07-07-2024,23.5,0.0,1.12,-1.0
08-07-2024,25.2,0.0,0.9,-1.0
09-07-2024,26.0,0.0,1.09,-1.0
10-07-2024,27.5,0.0,0.9,-1.0
11-07-2024,28.6,0.0,1.38,-1.0
12-07-2024,27.0,0.0,0.65,-1.0
13-07-2024,25.5,0.0,1.27,-1.0
14-07-2024,26.5,0.0,1.58,-1.0
15-07-2024,25.4,0.0,1.93,-1.0
16-07-2024,25.0,0.0,0.59,-1.0
17-07-2024,26.4,0.0,0.55,-1.0
18-07-2024,28.0,0.0,0.52,-1.0
19-07-2024,29.4,0.0,0.96,-1.0
20-07-2024,28.1,0.0,1.26,-1.0
21-07-2024,25.6,0.0,0.92,-1.0
22-07-2024,25.7,0.0,0.63,-1.0
23-07-2024,29.4,0.0,0.43,-1.0
24-07-2024,31.6,0.0,0.51,-1.0
25-07-2024,31.6,0.0,0.59,-1.0
26-07-2024,30.3,0.0,0.48,-1.0
27-07-2024,30.9,0.0,0.6,-1.0
28-07-2024,31.0,0.0,0.97,-1.0
29-07-2024,29.3,0.0,0.58,-1.0
30-07-2024,29.7,0.0,1.0,-1.0
31-07-2024,30.1,0.0,0.98,-1.0
01-01-2024,4.5,0.0,0.57,8799638.0
02-01-2024,3.9,0.0,0.46,8799638.0
03-01-2024,8.5,0.0,1.29,8799638.0
04-01-2024,7.3,0.0,0.57,8799638.0
05-01-2024,5.2,0.0,1.48,8799638.0
06-01-2024,4.6,0.0,0.75,8799638.0
07-01-2024,3.7,0.0,0.43,8799638.0
08-01-2024,2.8,0.0,0.52,8799638.0
09-01-2024,3.7,0.0,0.57,8799638.0
10-01-2024,4.3,0.0,1.33,8799638.0
11-01-2024,3.4,0.0,0.67,8799638.0
12-01-2024,1.6,0.0,0.58,8799638.0
13-01-2024,3.6,0.0,0.33,8799638.0
14-01-2024,5.7,2.2,0.72,8799638.0
15-01-2024,9.4,5.6,1.65,8799638.0
16-01-2024,11.1,0.2,2.28,8799638.0
17-01-2024,9.4,7.2,3.38,8799638.0
18-01-2024,9.7,0.0,2.57,8799638.0
19-01-2024,4.9,23.9,2.06,8799638.0
20-01-2024,4.6,0.0,1.0,8799638.0
21-01-2024,6.1,0.0,0.49,8799638.0
22-01-2024,4.7,0.0,0.31,8799638.0
23-01-2024,7.9,0.0,0.31,8799638.0
24-01-2024,10.7,0.0,0.6,8799638.0
25-01-2024,10.4,0.0,0.54,8799638.0
26-01-2024,11.0,0.0,0.53,8799638.0
27-01-2024,10.7,0.0,0.64,8799638.0
28-01-2024,9.6,0.0,0.59,8799638.0
29-01-2024,9.5,0.0,0.59,8799638.0
30-01-2024,7.9,0.0,0.29,8799638.0
31-01-2024,5.4,0.0,0.32,8799638.0
01-02-2024,8.9,0.0,0.41,8799638.0
02-02-2024,8.9,0.0,0.67,8799638.0
03-02-2024,8.2,0.0,0.69,8799638.0
04-02-2024,8.7,0.0,0.49,8799638.0
05-02-2024,7.9,0.0,0.43,8799638.0
06-02-2024,7.8,0.0,0.64,8799638.0
07-02-2024,6.8,0.0,1.16,8799638.0
08-02-2024,7.6,0.7,2.26,8799638.0
09-02-2024,7.2,11.3,2.6,8799638.0
10-02-2024,5.6,0.3,2.61,8799638.0
11-02-2024,3.2,0.1,2.32,8799638.0
12-02-2024,7.2,0.1,1.99,8799638.0
13-02-2024,9.7,0.0,0.55,8799638.0
14-02-2024,11.0,0.0,0.65,8799638.0
15-02-2024,9.7,3.6,1.2,8799638.0
16-02-2024,9.7,0.0,0.74,8799638.0
17-02-2024,9.1,0.0,0.49,8799638.0
18-02-2024,9.0,0.0,0.43,8799638.0
19-02-2024,10.7,0.0,0.5,8799638.0
20-02-2024,10.0,0.0,0.65,8799638.0
21-02-2024,8.5,0.0,0.74,8799638.0
22-02-2024,8.0,3.8,2.39,8799638.0
23-02-2024,4.0,0.4,2.75,8799638.0
24-02-2024,4.5,0.0,2.08,8799638.0
25-02-2024,6.8,0.7,3.9,8799638.0
26-02-2024,6.1,0.1,2.17,8799638.0
27-02-2024,5.1,0.0,1.86,8799638.0
28-02-2024,6.7,0.0,1.42,8799638.0
29-02-2024,6.1,0.0,1.38,8799638.0
30-02-2024,0.0,0.0,0.0,8799638.0
31-02-2024,0.0,0.0,0.0,8799638.0
01-03-2024,5.1,0.0,1.73,8799638.0
02-03-2024,3.4,9.2,3.12,8799638.0
03-03-2024,3.6,0.0,2.33,8799638.0
04-03-2024,6.5,0.0,2.35,8799638.0
05-03-2024,6.9,0.0,0.85,8799638.0
06-03-2024,6.2,0.0,0.74,8799638.0
07-03-2024,5.4,4.7,1.79,8799638.0
08-03-2024,4.0,7.2,3.5,8799638.0
09-03-2024,3.1,6.5,2.91,8799638.0
10-03-2024,5.3,2.3,2.85,8799638.0
11-03-2024,7.6,0.0,1.56,8799638.0
12-03-2024,8.1,0.0,0.52,8799638.0
13-03-2024,10.0,0.0,0.71,8799638.0
14-03-2024,9.2,0.0,1.33,8799638.0
15-03-2024,9.7,0.0,0.65,8799638.0
16-03-2024,10.3,0.0,0.68,8799638.0
17-03-2024,12.9,0.0,0.59,8799638.0
18-03-2024,13.6,0.0,0.72,8799638.0
19-03-2024,15.0,0.0,0.76,8799638.0
20-03-2024,14.7,0.0,1.17,8799638.0
21-03-2024,15.3,0.5,1.36,8799638.0
22-03-2024,16.1,0.0,0.91,8799638.0
23-03-2024,15.8,0.0,1.09,8799638.0
24-03-2024,13.9,0.0,1.1,8799638.0
25-03-2024,9.5,4.6,1.14,8799638.0
26-03-2024,3.9,2.1,2.76,8799638.0
27-03-2024,6.1,1.9,3.72,8799638.0
28-03-2024,7.9,11.3,3.38,8799638.0
29-03-2024,4.9,7.0,1.86,8799638.0
30-03-2024,4.4,7.8,2.32,8799638.0
31-03-2024,3.9,9.2,2.41,8799638.0
01-04-2024,5.4,0.2,2.64,8799638.0
02-04-2024,7.3,0.0,1.24,8799638.0
03-04-2024,10.3,0.0,1.72,8799638.0
04-04-2024,11.6,0.0,0.81,8799638.0
05-04-2024,13.7,0.0,0.96,8799638.0
06-04-2024,15.9,0.0,0.84,8799638.0
07-04-2024,15.1,0.0,1.37,8799638.0
08-04-2024,10.6,0.2,2.56,8799638.0
09-04-2024,8.3,0.0,0.84,8799638.0
10-04-2024,11.0,0.0,0.94,8799638.0
11-04-2024,16.1,0.0,1.04,8799638.0
12-04-2024,16.1,0.0,0.68,8799638.0
13-04-2024,17.3,0.0,0.56,8799638.0
14-04-2024,17.5,0.0,0.92,8799638.0
15-04-2024,18.5,0.0,0.73,8799638.0
16-04-2024,16.4,0.0,0.9,8799638.0
17-04-2024,12.5,0.0,1.46,8799638.0
18-04-2024,12.1,0.0,1.6,8799638.0
19-04-2024,11.4,0.0,1.16,8799638.0
20-04-2024,14.7,0.0,1.05,8799638.0
21-04-2024,13.7,0.0,1.19,8799638.0
22-04-2024,9.7,0.0,1.89,8799638.0
23-04-2024,7.7,0.0,1.52,8799638.0
24-04-2024,8.8,0.0,1.31,8799638.0
25-04-2024,10.3,0.0,0.63,8799638.0
26-04-2024,10.3,0.0,1.99,8799638.0
27-04-2024,7.9,11.5,2.98,8799638.0
28-04-2024,8.8,0.0,0.91,8799638.0
29-04-2024,10.1,0.0,1.34,8799638.0
30-04-2024,10.2,0.0,1.66,8799638.0
31-04-2024,0.0,0.0,0.0,8799638.0
01-05-2024,7.7,0.2,2.22,8799638.0
02-05-2024,7.5,0.0,1.83,8799638.0
03-05-2024,9.9,0.0,1.52,8799638.0
04-05-2024,13.4,0.0,2.07,8799638.0
05-05-2024,13.2,3.8,2.39,8799638.0
06-05-2024,12.2,1.1,1.04,8799638.0
07-05-2024,13.0,0.0,1.13,8799638.0
08-05-2024,14.2,0.0,1.2,8799638.0
09-05-2024,16.9,0.0,0.86,8799638.0
10-05-2024,18.9,0.0,0.91,8799638.0
11-05-2024,18.4,0.0,1.34,8799638.0
12-05-2024,18.7,0.0,0.88,8799638.0
13-05-2024,18.3,0.0,1.67,8799638.0
14-05-2024,12.1,0.3,1.68,8799638.0
15-05-2024,11.3,0.0,1.55,8799638.0
16-05-2024,10.4,0.0,2.11,8799638.0
17-05-2024,11.9,0.2,2.03,8799638.0
18-05-2024,13.1,0.0,1.04,8799638.0
19-05-2024,13.0,0.0,1.42,8799638.0
20-05-2024,12.1,0.0,1.07,8799638.0
21-05-2024,12.4,0.7,1.2,8799638.0
22-05-2024,13.2,0.0,1.18,8799638.0
23-05-2024,15.3,0.0,0.88,8799638.0
24-05-2024,16.9,0.0,1.38,8799638.0
25-05-2024,18.8,0.0,1.64,8799638.0
26-05-2024,19.4,0.0,1.46,8799638.0
27-05-2024,20.3,0.0,0.93,8799638.0
28-05-2024,20.4,0.0,1.14,8799638.0
29-05-2024,23.0,0.0,1.13,8799638.0
30-05-2024,23.3,0.0,1.44,8799638.0
31-05-2024,19.0,0.0,2.05,8799638.0
01-06-2024,16.1,0.0,2.11,8799638.0
02-06-2024,17.0,0.0,1.56,8799638.0
03-06-2024,18.9,0.0,1.41,8799638.0
04-06-2024,20.8,0.0,1.16,8799638.0
05-06-2024,23.2,0.0,1.25,8799638.0
06-06-2024,23.7,4.0,1.03,8799638.0
07-06-2024,23.5,0.0,1.44,8799638.0
08-06-2024,17.1,3.3,1.44,8799638.0
09-06-2024,16.3,0.0,0.95,8799638.0
10-06-2024,13.8,19.6,1.31,8799638.0
11-06-2024,15.7,0.0,1.34,8799638.0
12-06-2024,16.1,0.0,1.52,8799638.0
13-06-2024,17.2,0.0,1.77,8799638.0
14-06-2024,20.7,0.0,1.92,8799638.0
15-06-2024,20.1,0.0,1.4,8799638.0
16-06-2024,20.3,0.0,1.36,8799638.0
17-06-2024,20.7,0.0,1.71,8799638.0
18-06-2024,18.1,0.9,1.62,8799638.0
19-06-2024,15.9,0.0,1.46,8799638.0
20-06-2024,13.5,8.1,1.23,8799638.0
21-06-2024,18.0,0.0,0.72,8799638.0
22-06-2024,20.5,0.0,0.95,8799638.0
23-06-2024,21.0,0.0,1.39,8799638.0
24-06-2024,21.9,0.0,1.18,8799638.0
25-06-2024,23.4,1.5,1.1,8799638.0
26-06-2024,21.8,0.2,1.27,8799638.0
27-06-2024,23.6,0.0,1.38,8799638.0
28-06-2024,20.0,0.2,1.88,8799638.0
29-06-2024,16.0,1.0,2.75,8799638.0
30-06-2024,18.1,0.0,1.42,8799638.0
31-06-2024,0.0,0.0,0.0,8799638.0
01-07-2024,20.7,0.0,1.25,8799638.0
02-07-2024,20.6,0.0,1.58,8799638.0
03-07-2024,22.8,0.0,1.09,8799638.0
04-07-2024,25.9,0.0,0.97,8799638.0
05-07-2024,26.8,0.0,1.48,8799638.0
06-07-2024,24.8,0.0,1.66,8799638.0
07-07-2024,20.7,0.0,1.9,8799638.0
08-07-2024,22.9,0.0,1.41,8799638.0
09-07-2024,23.3,0.0,1.84,8799638.0
10-07-2024,24.2,0.0,1.7,8799638.0
11-07-2024,26.0,0.0,2.03,8799638.0
12-07-2024,24.5,0.0,1.16,8799638.0
13-07-2024,22.8,0.0,1.97,8799638.0
14-07-2024,23.8,0.0,2.44,8799638.0
15-07-2024,22.6,0.0,2.81,8799638.0
16-07-2024,22.5,0.0,1.06,8799638.0
17-07-2024,24.2,0.0,1.12,8799638.0
18-07-2024,25.9,0.0,1.22,8799638.0
19-07-2024,27.2,0.0,1.45,8799638.0
20-07-2024,25.9,0.0,1.73,8799638.0
21-07-2024,23.4,0.0,1.28,8799638.0
22-07-2024,23.8,0.0,1.09,8799638.0
23-07-2024,27.3,0.0,1.15,8799638.0
24-07-2024,29.5,0.0,1.37,8799638.0
25-07-2024,29.8,0.0,1.29,8799638.0
26-07-2024,28.2,0.0,1.04,8799638.0
27-07-2024,28.6,0.0,1.33,8799638.0
28-07-2024,28.8,0.0,1.69,8799638.0
29-07-2024,27.2,0.0,1.17,8799638.0
30-07-2024,27.6,0.0,1.84,8799638.0
31-07-2024,28.0,0.0,1.55,8799638.0
01-01-2024,5.1,0.0,0.54,9403205.0
02-01-2024,3.5,0.1,0.33,9403205.0
03-01-2024,9.0,4.3,0.76,9403205.0
04-01-2024,7.3,4.9,0.4,9403205.0
05-01-2024,5.0,0.5,1.51,9403205.0
06-01-2024,4.6,0.0,1.05,9403205.0
07-01-2024,4.2,0.0,0.47,9403205.0
08-01-2024,1.8,0.0,0.41,9403205.0
09-01-2024,4.2,0.0,0.51,9403205.0
10-01-2024,4.3,0.0,0.79,9403205.0
11-01-2024,3.8,0.0,0.8,9403205.0
12-01-2024,3.5,0.0,0.72,9403205.0
13-01-2024,5.4,0.0,0.49,9403205.0
14-01-2024,5.8,2.4,0.53,9403205.0
15-01-2024,9.1,7.7,0.75,9403205.0
16-01-2024,10.8,0.3,1.15,9403205.0
17-01-2024,9.1,13.7,2.1,9403205.0
18-01-2024,9.5,0.1,1.69,9403205.0
19-01-2024,4.9,27.5,1.95,9403205.0
20-01-2024,5.3,0.0,0.79,9403205.0
21-01-2024,6.6,0.0,0.51,9403205.0
22-01-2024,4.4,0.0,0.43,9403205.0
23-01-2024,8.4,0.0,0.41,9403205.0
24-01-2024,10.7,0.0,0.37,9403205.0
25-01-2024,10.0,0.0,0.33,9403205.0
26-01-2024,10.7,0.0,0.4,9403205.0
27-01-2024,12.5,0.0,0.6,9403205.0
28-01-2024,11.7,0.0,0.5,9403205.0
29-01-2024,10.9,0.0,0.55,9403205.0
30-01-2024,7.4,0.0,0.31,9403205.0
31-01-2024,6.7,0.0,0.45,9403205.0
01-02-2024,8.6,0.0,0.35,9403205.0
02-02-2024,8.7,0.0,0.78,9403205.0
03-02-2024,9.8,0.0,0.77,9403205.0
04-02-2024,8.3,0.0,0.39,9403205.0
05-02-2024,7.6,0.0,0.4,9403205.0
06-02-2024,7.7,0.0,0.49,9403205.0
07-02-2024,6.5,0.0,0.63,9403205.0
08-02-2024,8.0,0.8,1.04,9403205.0
09-02-2024,7.8,10.6,1.19,9403205.0
10-02-2024,5.4,0.4,2.19,9403205.0
11-02-2024,3.8,0.4,1.12,9403205.0
12-02-2024,8.0,0.1,1.12,9403205.0
13-02-2024,10.9,0.0,0.44,9403205.0
14-02-2024,12.5,0.0,0.77,9403205.0
15-02-2024,11.2,3.2,0.86,9403205.0
16-02-2024,10.4,0.0,0.8,9403205.0
17-02-2024,9.1,0.0,0.58,9403205.0
18-02-2024,9.5,0.0,0.45,9403205.0
19-02-2024,10.8,0.0,0.6,9403205.0
20-02-2024,10.6,0.0,0.61,9403205.0
21-02-2024,8.5,0.0,0.53,9403205.0
22-02-2024,8.3,3.1,1.75,9403205.0
23-02-2024,4.4,0.3,2.01,9403205.0
24-02-2024,4.9,0.0,2.03,9403205.0
25-02-2024,7.4,0.8,2.28,9403205.0
26-02-2024,6.3,0.0,2.08,9403205.0
27-02-2024,5.9,0.0,1.44,9403205.0
28-02-2024,7.7,0.0,1.13,9403205.0
29-02-2024,6.1,0.0,1.47,9403205.0
30-02-2024,0.0,0.0,0.0,9403205.0
31-02-2024,0.0,0.0,0.0,9403205.0
01-03-2024,5.7,0.0,1.65,9403205.0
02-03-2024,3.8,7.4,1.88,9403205.0
03-03-2024,3.9,0.0,2.44,9403205.0
04-03-2024,7.1,0.0,1.6,9403205.0
05-03-2024,7.7,0.0,0.86,9403205.0
06-03-2024,8.7,0.0,0.69,9403205.0
07-03-2024,7.3,6.2,1.02,9403205.0
08-03-2024,4.9,8.9,1.89,9403205.0
09-03-2024,3.9,6.0,1.64,9403205.0
10-03-2024,5.8,1.4,2.03,9403205.0
11-03-2024,7.9,0.0,1.5,9403205.0
12-03-2024,8.8,0.0,0.53,9403205.0
13-03-2024,11.5,0.0,0.61,9403205.0
14-03-2024,9.3,0.0,0.88,9403205.0
15-03-2024,10.4,0.0,0.57,9403205.0
16-03-2024,11.8,0.0,0.63,9403205.0
17-03-2024,13.7,0.0,0.51,9403205.0
18-03-2024,14.2,0.0,0.54,9403205.0
19-03-2024,16.3,0.0,0.67,9403205.0
20-03-2024,15.8,0.0,0.91,9403205.0
21-03-2024,16.7,0.0,1.16,9403205.0
22-03-2024,17.5,0.0,1.03,9403205.0
23-03-2024,16.8,0.0,1.02,9403205.0
24-03-2024,15.5,0.0,1.11,9403205.0
25-03-2024,10.3,5.0,1.01,9403205.0
26-03-2024,4.4,2.9,1.99,9403205.0
27-03-2024,6.7,2.0,2.51,9403205.0
28-03-2024,8.3,12.1,2.17,9403205.0
29-03-2024,5.8,8.9,1.05,9403205.0
30-03-2024,6.1,7.8,1.19,9403205.0
31-03-2024,5.0,8.5,1.42,9403205.0
01-04-2024,6.3,0.0,1.75,9403205.0
02-04-2024,7.9,0.0,0.7,9403205.0
03-04-2024,11.3,0.0,1.03,9403205.0
04-04-2024,12.3,0.0,0.69,9403205.0
05-04-2024,15.3,0.0,0.78,9403205.0
06-04-2024,17.0,0.0,0.76,9403205.0
07-04-2024,16.1,0.0,0.99,9403205.0
08-04-2024,11.1,0.0,1.78,9403205.0
09-04-2024,9.1,0.0,0.99,9403205.0
10-04-2024,12.4,0.0,0.93,9403205.0
11-04-2024,16.8,0.0,1.09,9403205.0
12-04-2024,16.9,0.0,0.57,9403205.0
13-04-2024,18.0,0.0,0.6,9403205.0
14-04-2024,18.5,0.0,0.73,9403205.0
15-04-2024,19.0,0.0,0.87,9403205.0
16-04-2024,16.9,0.0,0.9,9403205.0
17-04-2024,14.0,0.0,1.41,9403205.0
18-04-2024,13.4,0.0,1.55,9403205.0
19-04-2024,12.8,0.0,1.19,9403205.0
20-04-2024,16.0,0.0,1.06,9403205.0
21-04-2024,15.2,0.0,1.31,9403205.0
22-04-2024,10.8,0.0,1.83,9403205.0
23-04-2024,8.9,0.0,1.48,9403205.0
24-04-2024,10.3,0.0,1.24,9403205.0
25-04-2024,11.1,0.0,0.76,9403205.0
26-04-2024,10.9,0.0,1.32,9403205.0
27-04-2024,8.7,11.1,1.81,9403205.0
28-04-2024,9.2,0.0,0.76,9403205.0
29-04-2024,11.4,0.0,1.08,9403205.0
30-04-2024,10.6,0.0,1.28,9403205.0
31-04-2024,0.0,0.0,0.0,9403205.0
01-05-2024,8.0,0.7,1.93,9403205.0
02-05-2024,7.9,0.0,1.47,9403205.0
03-05-2024,10.4,0.0,1.03,9403205.0
04-05-2024,13.9,0.0,1.49,9403205.0
05-05-2024,13.7,2.5,1.41,9403205.0
06-05-2024,13.1,0.4,0.98,9403205.0
07-05-2024,13.7,0.0,1.1,9403205.0
08-05-2024,15.2,0.0,1.36,9403205.0
09-05-2024,18.3,0.0,0.8,9403205.0
10-05-2024,20.3,0.0,0.79,9403205.0
11-05-2024,19.5,0.0,1.21,9403205.0
12-05-2024,19.7,0.0,0.87,9403205.0
13-05-2024,19.0,0.0,1.46,9403205.0
14-05-2024,12.5,0.3,1.91,9403205.0
15-05-2024,11.3,0.0,1.61,9403205.0
16-05-2024,11.0,0.0,1.64,9403205.0
17-05-2024,12.5,0.3,1.39,9403205.0
18-05-2024,14.1,0.0,0.96,9403205.0
19-05-2024,13.8,0.0,1.36,9403205.0
20-05-2024,13.0,0.0,1.01,9403205.0
21-05-2024,12.9,0.1,0.96,9403205.0
22-05-2024,13.8,0.0,1.0,9403205.0
23-05-2024,16.4,0.0,0.88,9403205.0
24-05-2024,17.9,0.0,1.28,9403205.0
25-05-2024,19.6,0.0,1.27,9403205.0
26-05-2024,19.8,0.0,1.17,9403205.0
27-05-2024,20.5,0.0,0.84,9403205.0
28-05-2024,21.4,0.0,1.07,9403205.0
29-05-2024,23.9,0.0,1.09,9403205.0
30-05-2024,24.4,0.0,1.32,9403205.0
31-05-2024,19.8,0.0,1.93,9403205.0
01-06-2024,17.0,0.0,2.04,9403205.0
02-06-2024,17.7,0.0,1.72,9403205.0
03-06-2024,19.9,0.0,1.28,9403205.0
04-06-2024,21.8,0.0,1.05,9403205.0
05-06-2024,23.8,0.0,1.04,9403205.0
06-06-2024,24.3,9.6,0.95,9403205.0
07-06-2024,24.8,0.0,1.33,9403205.0
08-06-2024,17.5,5.0,1.09,9403205.0
09-06-2024,16.9,0.0,0.99,9403205.0
10-06-2024,14.8,12.4,1.32,9403205.0
11-06-2024,16.7,0.0,1.35,9403205.0
12-06-2024,17.1,0.0,1.44,9403205.0
13-06-2024,18.2,0.0,1.44,9403205.0
14-06-2024,20.8,0.0,1.54,9403205.0
15-06-2024,20.4,0.0,1.27,9403205.0
16-06-2024,20.6,0.0,0.98,9403205.0
17-06-2024,21.1,0.0,1.28,9403205.0
18-06-2024,18.3,0.7,1.11,9403205.0
19-06-2024,16.2,0.0,1.19,9403205.0
20-06-2024,14.1,11.6,1.0,9403205.0
21-06-2024,18.8,0.0,0.81,9403205.0
22-06-2024,20.9,0.0,1.01,9403205.0
23-06-2024,21.7,0.0,1.35,9403205.0
24-06-2024,22.6,0.0,1.17,9403205.0
25-06-2024,24.2,16.5,1.03,9403205.0
26-06-2024,22.2,0.2,1.1,9403205.0
27-06-2024,24.2,0.0,1.11,9403205.0
28-06-2024,20.7,0.0,1.25,9403205.0
29-06-2024,16.3,1.3,1.83,9403205.0
30-06-2024,18.8,0.0,0.89,9403205.0
31-06-2024,0.0,0.0,0.0,9403205.0
01-07-2024,21.3,0.0,1.18,9403205.0
02-07-2024,21.3,0.0,1.44,9403205.0
03-07-2024,23.9,0.0,0.98,9403205.0
04-07-2024,26.6,0.0,0.79,9403205.0
05-07-2024,27.3,0.0,1.37,9403205.0
06-07-2024,25.1,0.0,1.52,9403205.0
07-07-2024,21.5,0.0,1.54,9403205.0
08-07-2024,23.1,0.0,1.08,9403205.0
09-07-2024,23.5,0.0,1.39,9403205.0
10-07-2024,24.3,0.0,1.11,9403205.0
11-07-2024,25.9,0.0,1.55,9403205.0
12-07-2024,24.5,0.0,1.12,9403205.0
13-07-2024,23.4,0.0,1.63,9403205.0
14-07-2024,23.7,0.0,1.53,9403205.0
15-07-2024,22.5,0.0,1.91,9403205.0
16-07-2024,23.0,0.0,0.97,9403205.0
17-07-2024,24.6,0.0,0.96,9403205.0
18-07-2024,25.9,0.0,0.9,9403205.0
19-07-2024,27.1,0.0,1.07,9403205.0
20-07-2024,25.7,0.0,1.44,9403205.0
21-07-2024,23.4,0.0,1.3,9403205.0
22-07-2024,24.1,0.0,1.27,9403205.0
23-07-2024,28.0,0.0,1.04,9403205.0
24-07-2024,30.0,0.0,1.22,9403205.0
25-07-2024,29.9,0.0,1.29,9403205.0
26-07-2024,28.4,0.0,1.16,9403205.0
27-07-2024,28.6,0.0,1.09,9403205.0
28-07-2024,29.0,0.0,1.47,9403205.0
29-07-2024,27.6,0.0,1.23,9403205.0
30-07-2024,28.1,0.0,1.51,9403205.0
31-07-2024,27.5,0.0,1.21,9403205.0
01-01-2024,9.2,,,5219515.0
02-01-2024,6.8,,,5219515.0
03-01-2024,11.2,,,5219515.0
04-01-2024,10.2,,,5219515.0
05-01-2024,8.9,,,5219515.0
06-01-2024,8.7,,,5219515.0
07-01-2024,9.2,,,5219515.0
08-01-2024,7.2,,,5219515.0
09-01-2024,6.6,,,5219515.0
10-01-2024,7.0,,,5219515.0
11-01-2024,8.0,,,5219515.0
12-01-2024,6.9,,,5219515.0
13-01-2024,8.2,,,5219515.0
14-01-2024,8.7,,,5219515.0
15-01-2024,11.5,,,5219515.0
16-01-2024,13.2,,,5219515.0
17-01-2024,11.6,,,5219515.0
18-01-2024,12.6,,,5219515.0
19-01-2024,8.3,,,5219515.0
20-01-2024,9.3,,,5219515.0
21-01-2024,10.9,,,5219515.0
22-01-2024,9.1,,,5219515.0
23-01-2024,13.2,,,5219515.0
24-01-2024,16.4,,,5219515.0
25-01-2024,16.5,,,5219515.0
26-01-2024,17.3,,,5219515.0
27-01-2024,16.8,,,5219515.0
28-01-2024,16.0,,,5219515.0
29-01-2024,14.6,,,5219515.0
30-01-2024,12.7,,,5219515.0
31-01-2024,10.8,,,5219515.0
01-02-2024,15.1,,,5219515.0
02-02-2024,14.6,,,5219515.0
03-02-2024,14.4,,,5219515.0
04-02-2024,15.5,,,5219515.0
05-02-2024,13.8,,,5219515.0
06-02-2024,12.3,,,5219515.0
07-02-2024,9.9,,,5219515.0
08-02-2024,10.3,,,5219515.0
09-02-2024,9.7,,,5219515.0
10-02-2024,8.7,,,5219515.0
11-02-2024,6.4,,,5219515.0
12-02-2024,11.1,,,5219515.0
13-02-2024,13.2,,,5219515.0
14-02-2024,15.5,,,5219515.0
15-02-2024,13.3,,,5219515.0
16-02-2024,14.3,,,5219515.0
17-02-2024,15.1,,,5219515.0
18-02-2024,15.5,,,5219515.0
19-02-2024,16.8,,,5219515.0
20-02-2024,16.5,,,5219515.0
21-02-2024,13.4,,,5219515.0
22-02-2024,11.4,,,5219515.0
23-02-2024,7.8,,,5219515.0
24-02-2024,8.0,,,5219515.0
25-02-2024,9.8,,,5219515.0
26-02-2024,10.2,,,5219515.0
27-02-2024,10.6,,,5219515.0
28-02-2024,12.3,,,5219515.0
29-02-2024,11.3,,,5219515.0
30-02-2024,0.0,,,5219515.0
31-02-2024,0.0,,,5219515.0
01-03-2024,9.5,,,5219515.0
02-03-2024,6.6,,,5219515.0
03-03-2024,7.4,,,5219515.0
04-03-2024,9.7,,,5219515.0
05-03-2024,12.0,,,5219515.0
06-03-2024,12.2,,,5219515.0
07-03-2024,9.3,,,5219515.0
08-03-2024,7.4,,,5219515.0
09-03-2024,6.4,,,5219515.0
10-03-2024,9.2,,,5219515.0
11-03-2024,11.8,,,5219515.0
12-03-2024,14.3,,,5219515.0
13-03-2024,16.7,,,5219515.0
14-03-2024,14.3,,,5219515.0
15-03-2024,14.9,,,5219515.0
16-03-2024,15.5,,,5219515.0
17-03-2024,18.4,,,5219515.0
18-03-2024,19.0,,,5219515.0
19-03-2024,20.6,,,5219515.0
20-03-2024,20.0,,,5219515.0
21-03-2024,20.1,,,5219515.0
22-03-2024,21.3,,,5219515.0
23-03-2024,21.1,,,5219515.0
24-03-2024,18.6,,,5219515.0
25-03-2024,12.9,,,5219515.0
26-03-2024,7.9,,,5219515.0
27-03-2024,9.3,,,5219515.0
28-03-2024,11.3,,,5219515.0
29-03-2024,8.1,,,5219515.0
30-03-2024,7.6,,,5219515.0
31-03-2024,7.0,,,5219515.0
01-04-2024,7.1,,,5219515.0
02-04-2024,10.8,,,5219515.0
03-04-2024,14.4,,,5219515.0
04-04-2024,16.8,,,5219515.0
05-04-2024,18.6,,,5219515.0
06-04-2024,0.0,,,5219515.0
07-04-2024,0.0,,,5219515.0
08-04-2024,15.0,,,5219515.0
09-04-2024,13.9,,,5219515.0
10-04-2024,16.8,,,5219515.0
11-04-2024,21.4,,,5219515.0
12-04-2024,21.3,,,5219515.0
13-04-2024,23.2,,,5219515.0
14-04-2024,23.2,,,5219515.0
15-04-2024,24.1,,,5219515.0
16-04-2024,22.7,,,5219515.0
17-04-2024,18.9,,,5219515.0
18-04-2024,18.1,,,5219515.0
19-04-2024,17.1,,,5219515.0
20-04-2024,20.1,,,5219515.0
21-04-2024,19.3,,,5219515.0
22-04-2024,15.8,,,5219515.0
23-04-2024,14.1,,,5219515.0
24-04-2024,14.2,,,5219515.0
25-04-2024,15.1,,,5219515.0
26-04-2024,14.3,,,5219515.0
27-04-2024,11.6,,,5219515.0
28-04-2024,13.3,,,5219515.0
29-04-2024,14.8,,,5219515.0
30-04-2024,14.2,,,5219515.0
31-04-2024,0.0,,,5219515.0
01-05-2024,11.8,,,5219515.0
02-05-2024,11.5,,,5219515.0
03-05-2024,14.2,,,5219515.0
04-05-2024,17.3,,,5219515.0
05-05-2024,16.6,,,5219515.0
06-05-2024,16.1,,,5219515.0
07-05-2024,18.3,,,5219515.0
08-05-2024,19.0,,,5219515.0
09-05-2024,21.8,,,5219515.0
10-05-2024,23.4,,,5219515.0
11-05-2024,23.1,,,5219515.0
12-05-2024,23.6,,,5219515.0
13-05-2024,23.2,,,5219515.0
14-05-2024,16.8,,,5219515.0
15-05-2024,15.6,,,5219515.0
16-05-2024,14.4,,,5219515.0
17-05-2024,15.6,,,5219515.0
18-05-2024,17.6,,,5219515.0
19-05-2024,17.7,,,5219515.0
20-05-2024,12.9,,,5219515.0
21-05-2024,0.0,,,5219515.0
22-05-2024,19.6,,,5219515.0
23-05-2024,20.1,,,5219515.0
24-05-2024,21.4,,,5219515.0
25-05-2024,23.0,,,5219515.0
26-05-2024,23.7,,,5219515.0
27-05-2024,25.2,,,5219515.0
28-05-2024,25.1,,,5219515.0
29-05-2024,27.7,,,5219515.0
30-05-2024,28.4,,,5219515.0
31-05-2024,24.2,,,5219515.0
01-06-2024,21.7,,,5219515.0
02-06-2024,22.0,,,5219515.0
03-06-2024,23.7,,,5219515.0
04-06-2024,25.3,,,5219515.0
05-06-2024,27.8,,,5219515.0
06-06-2024,28.2,,,5219515.0
07-06-2024,27.7,,,5219515.0
08-06-2024,21.0,,,5219515.0
09-06-2024,20.8,,,5219515.0
10-06-2024,18.4,,,5219515.0
11-06-2024,20.6,,,5219515.0
12-06-2024,20.9,,,5219515.0
13-06-2024,21.8,,,5219515.0
14-06-2024,24.8,,,5219515.0
15-06-2024,24.6,,,5219515.0
16-06-2024,24.9,,,5219515.0
17-06-2024,24.9,,,5219515.0
18-06-2024,22.1,,,5219515.0
19-06-2024,20.3,,,5219515.0
20-06-2024,17.9,,,5219515.0
21-06-2024,22.3,,,5219515.0
22-06-2024,25.4,,,5219515.0
23-06-2024,25.7,,,5219515.0
24-06-2024,26.5,,,5219515.0
25-06-2024,28.0,,,5219515.0
26-06-2024,25.7,,,5219515.0
27-06-2024,27.5,,,5219515.0
28-06-2024,23.9,,,5219515.0
29-06-2024,20.2,,,5219515.0
30-06-2024,22.1,,,5219515.0
31-06-2024,0.0,,,5219515.0
01-07-2024,25.4,,,5219515.0
02-07-2024,25.5,,,5219515.0
03-07-2024,27.5,,,5219515.0
04-07-2024,30.5,,,5219515.0
05-07-2024,31.2,,,5219515.0
06-07-2024,30.1,,,5219515.0
07-07-2024,25.9,,,5219515.0
08-07-2024,27.1,,,5219515.0
09-07-2024,27.6,,,5219515.0
10-07-2024,28.5,,,5219515.0
11-07-2024,26.0,,,5219515.0
12-07-2024,32.6,,,5219515.0
13-07-2024,27.4,,,5219515.0
14-07-2024,27.8,,,5219515.0
15-07-2024,26.8,,,5219515.0
16-07-2024,27.3,,,5219515.0
17-07-2024,28.8,,,5219515.0
18-07-2024,30.3,,,5219515.0
19-07-2024,32.0,,,5219515.0
20-07-2024,30.6,,,5219515.0
21-07-2024,28.7,,,5219515.0
22-07-2024,28.7,,,5219515.0
23-07-2024,32.5,,,5219515.0
24-07-2024,34.0,,,5219515.0
25-07-2024,34.0,,,5219515.0
26-07-2024,32.4,,,5219515.0
27-07-2024,32.6,,,5219515.0
28-07-2024,32.5,,,5219515.0
29-07-2024,31.1,,,5219515.0
30-07-2024,32.0,,,5219515.0
31-07-2024,32.5,,,5219515.0
01-01-2024,6.9,,,7162545.0
02-01-2024,6.1,,,7162545.0
03-01-2024,11.2,,,7162545.0
04-01-2024,9.7,,,7162545.0
05-01-2024,7.5,,,7162545.0
06-01-2024,7.0,,,7162545.0
07-01-2024,6.7,,,7162545.0
08-01-2024,6.9,,,7162545.0
09-01-2024,6.3,,,7162545.0
10-01-2024,6.7,,,7162545.0
11-01-2024,5.8,,,7162545.0
12-01-2024,4.5,,,7162545.0
13-01-2024,6.3,,,7162545.0
14-01-2024,7.9,,,7162545.0
15-01-2024,11.7,,,7162545.0
16-01-2024,13.3,,,7162545.0
17-01-2024,11.5,,,7162545.0
18-01-2024,11.9,,,7162545.0
19-01-2024,7.3,,,7162545.0
20-01-2024,6.9,,,7162545.0
21-01-2024,8.7,,,7162545.0
22-01-2024,7.1,,,7162545.0
23-01-2024,10.1,,,7162545.0
24-01-2024,12.4,,,7162545.0
25-01-2024,8.6,,,7162545.0
26-01-2024,17.8,,,7162545.0
27-01-2024,13.2,,,7162545.0
28-01-2024,12.5,,,7162545.0
29-01-2024,12.1,,,7162545.0
30-01-2024,10.5,,,7162545.0
31-01-2024,8.3,,,7162545.0
01-02-2024,11.0,,,7162545.0
02-02-2024,10.8,,,7162545.0
03-02-2024,11.0,,,7162545.0
04-02-2024,11.1,,,7162545.0
05-02-2024,10.2,,,7162545.0
06-02-2024,10.2,,,7162545.0
07-02-2024,9.5,,,7162545.0
08-02-2024,10.0,,,7162545.0
09-02-2024,9.5,,,7162545.0
10-02-2024,8.1,,,7162545.0
11-02-2024,6.1,,,7162545.0
12-02-2024,10.3,,,7162545.0
13-02-2024,13.0,,,7162545.0
14-02-2024,14.0,,,7162545.0
15-02-2024,12.8,,,7162545.0
16-02-2024,12.3,,,7162545.0
17-02-2024,11.3,,,7162545.0
18-02-2024,11.8,,,7162545.0
19-02-2024,13.4,,,7162545.0
20-02-2024,12.7,,,7162545.0
21-02-2024,11.3,,,7162545.0
22-02-2024,11.1,,,7162545.0
23-02-2024,7.1,,,7162545.0
24-02-2024,7.1,,,7162545.0
25-02-2024,9.8,,,7162545.0
26-02-2024,9.0,,,7162545.0
27-02-2024,8.0,,,7162545.0
28-02-2024,9.4,,,7162545.0
29-02-2024,8.9,,,7162545.0
30-02-2024,0.0,,,7162545.0
31-02-2024,0.0,,,7162545.0
01-03-2024,8.2,,,7162545.0
02-03-2024,6.4,,,7162545.0
03-03-2024,6.4,,,7162545.0
04-03-2024,9.5,,,7162545.0
05-03-2024,10.0,,,7162545.0
06-03-2024,9.4,,,7162545.0
07-03-2024,8.7,,,7162545.0
08-03-2024,7.0,,,7162545.0
09-03-2024,6.2,,,7162545.0
10-03-2024,8.1,,,7162545.0
11-03-2024,10.2,,,7162545.0
12-03-2024,11.0,,,7162545.0
13-03-2024,12.9,,,7162545.0
14-03-2024,12.4,,,7162545.0
15-03-2024,12.8,,,7162545.0
16-03-2024,13.5,,,7162545.0
17-03-2024,15.9,,,7162545.0
18-03-2024,16.5,,,7162545.0
19-03-2024,18.0,,,7162545.0
20-03-2024,17.8,,,7162545.0
21-03-2024,18.7,,,7162545.0
22-03-2024,19.7,,,7162545.0
23-03-2024,18.7,,,7162545.0
24-03-2024,17.5,,,7162545.0
25-03-2024,12.7,,,7162545.0
26-03-2024,6.9,,,7162545.0
27-03-2024,9.1,,,7162545.0
28-03-2024,11.0,,,7162545.0
29-03-2024,8.1,,,7162545.0
30-03-2024,7.5,,,7162545.0
31-03-2024,7.1,,,7162545.0
01-04-2024,8.5,,,7162545.0
02-04-2024,10.5,,,7162545.0
03-04-2024,13.7,,,7162545.0
04-04-2024,14.9,,,7162545.0
05-04-2024,17.0,,,7162545.0
06-04-2024,19.4,,,7162545.0
07-04-2024,18.2,,,7162545.0
08-04-2024,14.0,,,7162545.0
09-04-2024,11.6,,,7162545.0
10-04-2024,14.6,,,7162545.0
11-04-2024,16.0,,,7162545.0
12-04-2024,21.9,,,7162545.0
13-04-2024,20.5,,,7162545.0
14-04-2024,20.8,,,7162545.0
15-04-2024,21.5,,,7162545.0
16-04-2024,20.0,,,7162545.0
17-04-2024,16.6,,,7162545.0
18-04-2024,16.1,,,7162545.0
19-04-2024,15.1,,,7162545.0
20-04-2024,18.1,,,7162545.0
21-04-2024,17.5,,,7162545.0
22-04-2024,13.4,,,7162545.0
23-04-2024,11.1,,,7162545.0
24-04-2024,12.5,,,7162545.0
25-04-2024,13.9,,,7162545.0
26-04-2024,13.6,,,7162545.0
27-04-2024,11.3,,,7162545.0
28-04-2024,12.3,,,7162545.0
29-04-2024,10.5,,,7162545.0
30-04-2024,0.0,,,7162545.0
31-04-2024,0.0,,,7162545.0
01-05-2024,0.0,,,7162545.0
02-05-2024,0.0,,,7162545.0
03-05-2024,0.0,,,7162545.0
04-05-2024,0.0,,,7162545.0
05-05-2024,0.0,,,7162545.0
06-05-2024,0.0,,,7162545.0
07-05-2024,0.0,,,7162545.0
08-05-2024,0.0,,,7162545.0
09-05-2024,23.9,,,7162545.0
10-05-2024,22.3,,,7162545.0
11-05-2024,22.1,,,7162545.0
12-05-2024,21.9,,,7162545.0
13-05-2024,21.7,,,7162545.0
14-05-2024,15.3,,,7162545.0
15-05-2024,14.1,,,7162545.0
16-05-2024,13.6,,,7162545.0
17-05-2024,15.2,,,7162545.0
18-05-2024,16.5,,,7162545.0
19-05-2024,16.3,,,7162545.0
20-05-2024,15.4,,,7162545.0
21-05-2024,15.4,,,7162545.0
22-05-2024,16.7,,,7162545.0
23-05-2024,18.7,,,7162545.0
24-05-2024,20.6,,,7162545.0
25-05-2024,22.0,,,7162545.0
26-05-2024,22.3,,,7162545.0
27-05-2024,23.3,,,7162545.0
28-05-2024,23.9,,,7162545.0
29-05-2024,26.7,,,7162545.0
30-05-2024,27.2,,,7162545.0
31-05-2024,22.6,,,7162545.0
01-06-2024,19.7,,,7162545.0
02-06-2024,20.5,,,7162545.0
03-06-2024,22.5,,,7162545.0
04-06-2024,24.5,,,7162545.0
05-06-2024,26.4,,,7162545.0
06-06-2024,27.1,,,7162545.0
07-06-2024,27.4,,,7162545.0
08-06-2024,20.1,,,7162545.0
09-06-2024,19.7,,,7162545.0
10-06-2024,17.3,,,7162545.0
11-06-2024,19.1,,,7162545.0
12-06-2024,19.4,,,7162545.0
13-06-2024,20.8,,,7162545.0
14-06-2024,23.8,,,7162545.0
15-06-2024,23.2,,,7162545.0
16-06-2024,23.1,,,7162545.0
17-06-2024,23.9,,,7162545.0
18-06-2024,21.2,,,7162545.0
19-06-2024,18.8,,,7162545.0
20-06-2024,16.8,,,7162545.0
21-06-2024,17.3,,,7162545.0
22-06-2024,0.0,,,7162545.0
23-06-2024,0.0,,,7162545.0
24-06-2024,29.3,,,7162545.0
25-06-2024,27.2,,,7162545.0
26-06-2024,25.1,,,7162545.0
27-06-2024,27.0,,,7162545.0
28-06-2024,23.1,,,7162545.0
29-06-2024,19.2,,,7162545.0
30-06-2024,21.5,,,7162545.0
31-06-2024,0.0,,,7162545.0
01-07-2024,24.0,,,7162545.0
02-07-2024,24.3,,,7162545.0
03-07-2024,26.7,,,7162545.0
04-07-2024,29.8,,,7162545.0
05-07-2024,30.5,,,7162545.0
06-07-2024,28.2,,,7162545.0
07-07-2024,24.4,,,7162545.0
08-07-2024,26.1,,,7162545.0
09-07-2024,26.7,,,7162545.0
10-07-2024,27.5,,,7162545.0
11-07-2024,29.4,,,7162545.0
12-07-2024,27.9,,,7162545.0
13-07-2024,26.6,,,7162545.0
14-07-2024,27.0,,,7162545.0
15-07-2024,25.7,,,7162545.0
16-07-2024,26.1,,,7162545.0
17-07-2024,27.9,,,7162545.0
18-07-2024,29.1,,,7162545.0
19-07-2024,30.5,,,7162545.0
20-07-2024,29.3,,,7162545.0
21-07-2024,26.5,,,7162545.0
22-07-2024,27.4,,,7162545.0
23-07-2024,31.4,,,7162545.0
24-07-2024,33.3,,,7162545.0
25-07-2024,33.0,,,7162545.0
26-07-2024,31.3,,,7162545.0
27-07-2024,31.7,,,7162545.0
28-07-2024,31.8,,,7162545.0
29-07-2024,30.4,,,7162545.0
30-07-2024,31.2,,,7162545.0
31-07-2024,31.3,,,7162545.0
01-01-2024,6.9,,,4988362.0
02-01-2024,6.3,,,4988362.0
03-01-2024,10.9,,,4988362.0
04-01-2024,9.6,,,4988362.0
05-01-2024,7.2,,,4988362.0
06-01-2024,6.5,,,4988362.0
07-01-2024,6.3,,,4988362.0
08-01-2024,5.2,,,4988362.0
09-01-2024,5.9,,,4988362.0
10-01-2024,6.4,,,4988362.0
11-01-2024,5.5,,,4988362.0
12-01-2024,3.8,,,4988362.0
13-01-2024,6.1,,,4988362.0
14-01-2024,8.0,,,4988362.0
15-01-2024,9.8,,,4988362.0
16-01-2024,0.0,,,4988362.0
17-01-2024,0.0,,,4988362.0
18-01-2024,0.0,,,4988362.0
19-01-2024,0.0,,,4988362.0
20-01-2024,0.0,,,4988362.0
21-01-2024,0.0,,,4988362.0
22-01-2024,0.0,,,4988362.0
23-01-2024,0.0,,,4988362.0
24-01-2024,17.2,,,4988362.0
25-01-2024,13.6,,,4988362.0
26-01-2024,14.3,,,4988362.0
27-01-2024,14.1,,,4988362.0
28-01-2024,13.0,,,4988362.0
29-01-2024,12.1,,,4988362.0
30-01-2024,10.9,,,4988362.0
31-01-2024,8.2,,,4988362.0
01-02-2024,12.0,,,4988362.0
02-02-2024,12.2,,,4988362.0
03-02-2024,11.5,,,4988362.0
04-02-2024,12.1,,,4988362.0
05-02-2024,11.2,,,4988362.0
06-02-2024,10.7,,,4988362.0
07-02-2024,9.2,,,4988362.0
08-02-2024,10.0,,,4988362.0
09-02-2024,9.7,,,4988362.0
10-02-2024,7.8,,,4988362.0
11-02-2024,5.8,,,4988362.0
12-02-2024,10.0,,,4988362.0
13-02-2024,12.5,,,4988362.0
14-02-2024,13.8,,,4988362.0
15-02-2024,12.4,,,4988362.0
16-02-2024,12.0,,,4988362.0
17-02-2024,12.7,,,4988362.0
18-02-2024,12.7,,,4988362.0
19-02-2024,14.1,,,4988362.0
20-02-2024,13.4,,,4988362.0
21-02-2024,11.9,,,4988362.0
22-02-2024,10.8,,,4988362.0
23-02-2024,6.8,,,4988362.0
24-02-2024,7.0,,,4988362.0
25-02-2024,9.5,,,4988362.0
26-02-2024,8.6,,,4988362.0
27-02-2024,6.6,,,4988362.0
28-02-2024,12.3,,,4988362.0
29-02-2024,9.3,,,4988362.0
30-02-2024,0.0,,,4988362.0
31-02-2024,0.0,,,4988362.0
01-03-2024,8.0,,,4988362.0
02-03-2024,6.2,,,4988362.0
03-03-2024,6.4,,,4988362.0
04-03-2024,9.2,,,4988362.0
05-03-2024,9.8,,,4988362.0
06-03-2024,9.7,,,4988362.0
07-03-2024,8.7,,,4988362.0
08-03-2024,6.9,,,4988362.0
09-03-2024,6.1,,,4988362.0
10-03-2024,8.2,,,4988362.0
11-03-2024,10.1,,,4988362.0
12-03-2024,11.5,,,4988362.0
13-03-2024,13.5,,,4988362.0
14-03-2024,12.9,,,4988362.0
15-03-2024,13.1,,,4988362.0
16-03-2024,13.3,,,4988362.0
17-03-2024,0.0,,,4988362.0
18-03-2024,19.2,,,4988362.0
19-03-2024,18.7,,,4988362.0
20-03-2024,18.6,,,4988362.0
21-03-2024,18.8,,,4988362.0
22-03-2024,19.8,,,4988362.0
23-03-2024,19.5,,,4988362.0
24-03-2024,17.3,,,4988362.0
25-03-2024,12.5,,,4988362.0
26-03-2024,7.1,,,4988362.0
27-03-2024,8.9,,,4988362.0
28-03-2024,10.8,,,4988362.0
29-03-2024,7.9,,,4988362.0
30-03-2024,7.6,,,4988362.0
31-03-2024,6.9,,,4988362.0
01-04-2024,8.4,,,4988362.0
02-04-2024,10.7,,,4988362.0
03-04-2024,13.7,,,4988362.0
04-04-2024,15.4,,,4988362.0
05-04-2024,17.3,,,4988362.0
06-04-2024,19.4,,,4988362.0
07-04-2024,18.8,,,4988362.0
08-04-2024,13.7,,,4988362.0
09-04-2024,11.5,,,4988362.0
10-04-2024,14.5,,,4988362.0
11-04-2024,19.6,,,4988362.0
12-04-2024,20.0,,,4988362.0
13-04-2024,21.3,,,4988362.0
14-04-2024,21.7,,,4988362.0
15-04-2024,22.5,,,4988362.0
16-04-2024,20.7,,,4988362.0
17-04-2024,16.3,,,4988362.0
18-04-2024,16.0,,,4988362.0
19-04-2024,15.3,,,4988362.0
20-04-2024,18.5,,,4988362.0
21-04-2024,17.6,,,4988362.0
22-04-2024,13.5,,,4988362.0
23-04-2024,11.0,,,4988362.0
24-04-2024,12.5,,,4988362.0
25-04-2024,14.5,,,4988362.0
26-04-2024,13.6,,,4988362.0
27-04-2024,11.3,,,4988362.0
28-04-2024,12.8,,,4988362.0
29-04-2024,13.8,,,4988362.0
30-04-2024,13.7,,,4988362.0
31-04-2024,0.0,,,4988362.0
01-05-2024,10.8,,,4988362.0
02-05-2024,10.8,,,4988362.0
03-05-2024,13.3,,,4988362.0
04-05-2024,16.8,,,4988362.0
05-05-2024,16.3,,,4988362.0
06-05-2024,15.4,,,4988362.0
07-05-2024,16.7,,,4988362.0
08-05-2024,17.9,,,4988362.0
09-05-2024,20.7,,,4988362.0
10-05-2024,22.9,,,4988362.0
11-05-2024,22.3,,,4988362.0
12-05-2024,22.5,,,4988362.0
13-05-2024,22.2,,,4988362.0
14-05-2024,15.4,,,4988362.0
15-05-2024,14.4,,,4988362.0
16-05-2024,13.7,,,4988362.0
17-05-2024,15.2,,,4988362.0
18-05-2024,16.8,,,4988362.0
19-05-2024,16.7,,,4988362.0
20-05-2024,15.6,,,4988362.0
21-05-2024,15.4,,,4988362.0
22-05-2024,16.7,,,4988362.0
23-05-2024,19.0,,,4988362.0
24-05-2024,20.6,,,4988362.0
25-05-2024,22.5,,,4988362.0
26-05-2024,23.2,,,4988362.0
27-05-2024,24.0,,,4988362.0
28-05-2024,24.3,,,4988362.0
29-05-2024,27.0,,,4988362.0
30-05-2024,27.3,,,4988362.0
31-05-2024,22.8,,,4988362.0
01-06-2024,19.8,,,4988362.0
02-06-2024,20.7,,,4988362.0
03-06-2024,22.6,,,4988362.0
04-06-2024,24.7,,,4988362.0
05-06-2024,27.1,,,4988362.0
06-06-2024,27.8,,,4988362.0
07-06-2024,27.6,,,4988362.0
08-06-2024,20.3,,,4988362.0
09-06-2024,20.0,,,4988362.0
10-06-2024,17.3,,,4988362.0
11-06-2024,19.3,,,4988362.0
12-06-2024,19.8,,,4988362.0
13-06-2024,21.1,,,4988362.0
14-06-2024,24.6,,,4988362.0
15-06-2024,23.7,,,4988362.0
16-06-2024,24.1,,,4988362.0
17-06-2024,24.7,,,4988362.0
18-06-2024,21.8,,,4988362.0
19-06-2024,19.4,,,4988362.0
20-06-2024,17.0,,,4988362.0
21-06-2024,21.7,,,4988362.0
22-06-2024,24.3,,,4988362.0
23-06-2024,24.7,,,4988362.0
24-06-2024,25.8,,,4988362.0
25-06-2024,27.4,,,4988362.0
26-06-2024,25.5,,,4988362.0
27-06-2024,27.3,,,4988362.0
28-06-2024,23.5,,,4988362.0
29-06-2024,19.5,,,4988362.0
30-06-2024,21.7,,,4988362.0
31-06-2024,0.0,,,4988362.0
01-07-2024,24.4,,,4988362.0
02-07-2024,24.4,,,4988362.0
03-07-2024,27.0,,,4988362.0
04-07-2024,30.0,,,4988362.0
05-07-2024,30.8,,,4988362.0
06-07-2024,28.7,,,4988362.0
07-07-2024,24.7,,,4988362.0
08-07-2024,26.9,,,4988362.0
09-07-2024,27.4,,,4988362.0
10-07-2024,28.2,,,4988362.0
11-07-2024,30.0,,,4988362.0
12-07-2024,28.3,,,4988362.0
13-07-2024,26.7,,,4988362.0
14-07-2024,27.5,,,4988362.0
15-07-2024,26.3,,,4988362.0
16-07-2024,26.8,,,4988362.0
17-07-2024,28.4,,,4988362.0
18-07-2024,29.8,,,4988362.0
19-07-2024,31.4,,,4988362.0
20-07-2024,29.8,,,4988362.0
21-07-2024,26.9,,,4988362.0
22-07-2024,29.0,,,4988362.0
23-07-2024,31.7,,,4988362.0
24-07-2024,33.3,,,4988362.0
25-07-2024,33.2,,,4988362.0
26-07-2024,31.7,,,4988362.0
27-07-2024,32.0,,,4988362.0
28-07-2024,32.2,,,4988362.0
29-07-2024,30.7,,,4988362.0
30-07-2024,31.5,,,4988362.0
31-07-2024,32.0,,,4988362.0
01-01-2024,6.3,0.0,0.69,3573208.0
02-01-2024,5.8,0.2,0.65,3573208.0
03-01-2024,10.5,3.4,0.99,3573208.0
04-01-2024,9.9,6.85,0.74,3573208.0
05-01-2024,7.3,1.8,2.48,3573208.0
06-01-2024,6.5,0.0,1.87,3573208.0
07-01-2024,5.7,0.0,0.73,3573208.0
08-01-2024,3.8,0.0,0.68,3573208.0
09-01-2024,5.7,0.0,0.69,3573208.0
10-01-2024,6.3,0.7,0.88,3573208.0
11-01-2024,5.2,0.0,0.86,3573208.0
12-01-2024,3.3,0.0,0.85,3573208.0
13-01-2024,5.8,0.0,0.63,3573208.0
14-01-2024,7.5,2.25,0.71,3573208.0
15-01-2024,11.3,5.15,0.97,3573208.0
16-01-2024,13.1,0.0,1.34,3573208.0
17-01-2024,11.2,16.05,2.03,3573208.0
18-01-2024,11.4,0.5,1.59,3573208.0
19-01-2024,6.7,37.75,1.94,3573208.0
20-01-2024,6.2,0.0,1.33,3573208.0
21-01-2024,8.1,0.0,0.73,3573208.0
22-01-2024,6.5,0.0,0.67,3573208.0
23-01-2024,9.5,0.0,0.64,3573208.0
24-01-2024,11.9,0.0,0.62,3573208.0
25-01-2024,11.8,0.0,0.63,3573208.0
26-01-2024,12.5,0.0,0.64,3573208.0
27-01-2024,13.3,0.0,0.69,3573208.0
28-01-2024,12.1,0.0,0.68,3573208.0
29-01-2024,11.3,0.0,0.72,3573208.0
30-01-2024,9.5,0.0,0.71,3573208.0
31-01-2024,6.8,0.0,0.88,3573208.0
01-02-2024,10.7,0.0,0.69,3573208.0
02-02-2024,10.8,0.0,0.95,3573208.0
03-02-2024,10.4,0.0,0.85,3573208.0
04-02-2024,10.1,0.0,0.66,3573208.0
05-02-2024,9.6,0.0,0.64,3573208.0
06-02-2024,9.8,0.0,0.71,3573208.0
07-02-2024,9.0,0.0,0.87,3573208.0
08-02-2024,9.4,0.3,1.4,3573208.0
09-02-2024,9.5,17.25,1.66,3573208.0
10-02-2024,8.0,0.7,3.09,3573208.0
11-02-2024,5.7,0.0,1.26,3573208.0
12-02-2024,9.9,0.1,1.19,3573208.0
13-02-2024,12.5,0.0,0.71,3573208.0
14-02-2024,14.0,0.0,0.8,3573208.0
15-02-2024,12.1,4.1,1.04,3573208.0
16-02-2024,12.4,0.0,1.23,3573208.0
17-02-2024,11.1,0.0,0.79,3573208.0
18-02-2024,11.3,0.0,0.73,3573208.0
19-02-2024,12.9,0.0,0.85,3573208.0
20-02-2024,12.5,0.0,0.81,3573208.0
21-02-2024,10.8,0.0,0.74,3573208.0
22-02-2024,10.7,6.9,1.9,3573208.0
23-02-2024,6.9,0.0,1.97,3573208.0
24-02-2024,6.6,0.0,2.14,3573208.0
25-02-2024,9.5,0.1,2.21,3573208.0
26-02-2024,8.9,0.0,3.12,3573208.0
27-02-2024,7.4,0.0,2.08,3573208.0
28-02-2024,8.9,0.0,1.52,3573208.0
29-02-2024,8.5,0.0,2.37,3573208.0
30-02-2024,0.0,0.0,0.0,3573208.0
31-02-2024,0.0,0.0,0.0,3573208.0
01-03-2024,7.9,0.0,1.94,3573208.0
02-03-2024,6.2,10.1,2.11,3573208.0
03-03-2024,6.1,0.0,2.85,3573208.0
04-03-2024,9.1,0.0,1.53,3573208.0
05-03-2024,9.7,0.0,1.36,3573208.0
06-03-2024,9.1,0.0,0.77,3573208.0
07-03-2024,8.0,5.4,1.28,3573208.0
08-03-2024,6.7,6.15,2.13,3573208.0
09-03-2024,5.9,6.45,1.88,3573208.0
10-03-2024,7.8,3.4,2.22,3573208.0
11-03-2024,9.9,0.0,2.81,3573208.0
12-03-2024,10.5,0.0,0.78,3573208.0
13-03-2024,12.8,0.0,0.79,3573208.0
14-03-2024,12.0,0.0,0.97,3573208.0
15-03-2024,12.6,0.0,0.78,3573208.0
16-03-2024,13.0,0.0,0.79,3573208.0
17-03-2024,15.8,0.0,0.71,3573208.0
18-03-2024,16.2,0.0,0.77,3573208.0
19-03-2024,18.0,0.0,0.8,3573208.0
20-03-2024,17.3,0.0,1.1,3573208.0
21-03-2024,18.2,0.0,1.35,3573208.0
22-03-2024,18.7,0.0,1.13,3573208.0
23-03-2024,18.4,0.0,1.11,3573208.0
24-03-2024,16.4,0.0,1.44,3573208.0
25-03-2024,12.2,5.0,1.2,3573208.0
26-03-2024,6.7,5.0,1.65,3573208.0
27-03-2024,8.8,1.55,1.92,3573208.0
28-03-2024,11.1,11.6,2.16,3573208.0
29-03-2024,7.8,7.6,1.17,3573208.0
30-03-2024,7.3,7.15,1.64,3573208.0
31-03-2024,6.8,8.35,1.46,3573208.0
01-04-2024,7.8,3.45,1.33,3573208.0
02-04-2024,10.2,0.0,0.94,3573208.0
03-04-2024,13.3,0.0,1.04,3573208.0
04-04-2024,14.7,0.0,0.77,3573208.0
05-04-2024,16.7,0.0,0.89,3573208.0
06-04-2024,19.1,0.0,0.76,3573208.0
07-04-2024,18.3,0.0,1.07,3573208.0
08-04-2024,13.8,0.65,1.81,3573208.0
09-04-2024,11.3,0.0,1.22,3573208.0
10-04-2024,13.6,0.0,1.08,3573208.0
11-04-2024,18.8,0.0,1.19,3573208.0
12-04-2024,18.4,0.0,0.81,3573208.0
13-04-2024,19.6,0.0,0.78,3573208.0
14-04-2024,20.3,0.0,0.83,3573208.0
15-04-2024,21.0,0.0,0.86,3573208.0
16-04-2024,19.4,0.0,0.96,3573208.0
17-04-2024,16.0,0.0,1.19,3573208.0
18-04-2024,15.4,0.0,1.18,3573208.0
19-04-2024,14.7,0.0,0.99,3573208.0
20-04-2024,17.9,0.0,0.88,3573208.0
21-04-2024,16.9,0.0,1.07,3573208.0
22-04-2024,13.1,0.0,1.51,3573208.0
23-04-2024,10.5,0.0,1.16,3573208.0
24-04-2024,12.1,0.0,0.7,3573208.0
25-04-2024,14.1,0.0,0.86,3573208.0
26-04-2024,13.7,0.0,0.78,3573208.0
27-04-2024,11.5,10.35,1.05,3573208.0
28-04-2024,12.2,0.0,0.44,3573208.0
29-04-2024,13.1,0.0,0.89,3573208.0
30-04-2024,13.8,0.0,0.7,3573208.0
31-04-2024,0.0,0.0,0.0,3573208.0
01-05-2024,10.5,1.9,1.92,3573208.0
02-05-2024,10.8,0.0,1.19,3573208.0
03-05-2024,13.0,0.0,0.61,3573208.0
04-05-2024,17.0,0.0,0.88,3573208.0
05-05-2024,16.9,2.75,0.6,3573208.0
06-05-2024,15.7,0.3,0.83,3573208.0
07-05-2024,16.3,0.0,0.65,3573208.0
08-05-2024,17.4,0.0,0.65,3573208.0
09-05-2024,20.2,0.0,0.4,3573208.0
10-05-2024,22.3,0.0,0.57,3573208.0
11-05-2024,22.1,0.0,0.87,3573208.0
12-05-2024,22.2,0.0,0.56,3573208.0
13-05-2024,22.2,0.0,0.85,3573208.0
14-05-2024,15.4,0.95,2.38,3573208.0
15-05-2024,14.1,0.0,2.03,3573208.0
16-05-2024,13.8,0.0,1.02,3573208.0
17-05-2024,15.5,0.0,1.18,3573208.0
18-05-2024,17.0,0.0,0.68,3573208.0
19-05-2024,16.7,0.0,0.98,3573208.0
20-05-2024,15.3,0.0,0.91,3573208.0
21-05-2024,15.6,2.45,0.88,3573208.0
22-05-2024,16.8,0.0,0.78,3573208.0
23-05-2024,18.5,0.0,0.47,3573208.0
24-05-2024,20.4,0.0,0.63,3573208.0
25-05-2024,22.3,0.0,0.76,3573208.0
26-05-2024,22.4,0.0,0.72,3573208.0
27-05-2024,23.8,0.0,0.63,3573208.0
28-05-2024,23.8,0.0,0.59,3573208.0
29-05-2024,26.5,0.0,0.52,3573208.0
30-05-2024,26.9,0.0,0.79,3573208.0
31-05-2024,22.5,0.0,1.09,3573208.0
01-06-2024,19.6,0.0,1.09,3573208.0
02-06-2024,20.4,0.0,0.84,3573208.0
03-06-2024,22.2,0.0,0.86,3573208.0
04-06-2024,24.4,0.0,0.6,3573208.0
05-06-2024,26.9,0.0,0.6,3573208.0
06-06-2024,27.6,0.75,0.59,3573208.0
07-06-2024,27.2,0.0,1.01,3573208.0
08-06-2024,20.1,4.65,0.8,3573208.0
09-06-2024,20.0,0.0,0.6,3573208.0
10-06-2024,17.1,13.75,0.45,3573208.0
11-06-2024,19.0,0.0,0.66,3573208.0
12-06-2024,19.1,0.0,0.72,3573208.0
13-06-2024,20.8,0.0,0.86,3573208.0
14-06-2024,24.2,0.0,0.98,3573208.0
15-06-2024,23.6,0.0,1.35,3573208.0
16-06-2024,23.6,0.0,0.61,3573208.0
17-06-2024,24.1,0.0,1.0,3573208.0
18-06-2024,21.5,0.5,0.95,3573208.0
19-06-2024,19.2,0.1,0.9,3573208.0
20-06-2024,16.7,3.85,1.09,3573208.0
21-06-2024,21.6,0.0,0.54,3573208.0
22-06-2024,24.1,0.0,0.95,3573208.0
23-06-2024,24.4,0.0,0.88,3573208.0
24-06-2024,25.5,0.0,0.66,3573208.0
25-06-2024,27.8,0.0,0.6,3573208.0
26-06-2024,25.5,0.0,1.06,3573208.0
27-06-2024,27.2,0.0,1.02,3573208.0
28-06-2024,23.2,0.0,0.98,3573208.0
29-06-2024,19.7,0.8,1.06,3573208.0
30-06-2024,21.8,0.0,0.66,3573208.0
31-06-2024,0.0,0.0,0.0,3573208.0
01-07-2024,24.2,0.0,0.76,3573208.0
02-07-2024,24.1,0.0,0.83,3573208.0
03-07-2024,26.5,0.0,0.53,3573208.0
04-07-2024,29.6,0.0,0.47,3573208.0
05-07-2024,30.5,0.0,0.99,3573208.0
06-07-2024,28.4,0.0,1.42,3573208.0
07-07-2024,24.4,0.0,0.95,3573208.0
08-07-2024,26.5,0.0,0.83,3573208.0
09-07-2024,27.0,0.0,1.15,3573208.0
10-07-2024,27.9,0.0,0.89,3573208.0
11-07-2024,29.6,0.0,1.28,3573208.0
12-07-2024,28.2,0.0,1.01,3573208.0
13-07-2024,26.6,0.0,0.98,3573208.0
14-07-2024,26.9,0.0,0.85,3573208.0
15-07-2024,25.9,0.0,1.1,3573208.0
16-07-2024,26.3,0.0,0.75,3573208.0
17-07-2024,28.0,0.0,0.7,3573208.0
18-07-2024,29.4,0.0,0.5,3573208.0
19-07-2024,30.7,0.0,0.9,3573208.0
20-07-2024,29.3,0.0,1.4,3573208.0
21-07-2024,27.0,0.0,0.98,3573208.0
22-07-2024,27.0,0.0,0.59,3573208.0
23-07-2024,30.9,0.0,0.51,3573208.0
24-07-2024,32.9,0.0,0.65,3573208.0
25-07-2024,32.9,0.0,0.84,3573208.0
26-07-2024,31.3,0.0,0.63,3573208.0
27-07-2024,31.6,0.0,0.84,3573208.0
28-07-2024,31.7,0.0,1.34,3573208.0
29-07-2024,30.2,0.0,1.01,3573208.0
30-07-2024,31.3,0.0,1.04,3573208.0
31-07-2024,31.4,0.0,0.76,3573208.0
01-01-2024,5.5,0.0,0.79,5246180.0
02-01-2024,4.7,0.0,0.48,5246180.0
03-01-2024,10.4,1.35,1.41,5246180.0
04-01-2024,8.8,2.4,0.63,5246180.0
05-01-2024,6.6,0.9,1.69,5246180.0
06-01-2024,6.1,0.0,1.63,5246180.0
07-01-2024,4.7,0.0,0.69,5246180.0
08-01-2024,2.6,0.0,0.67,5246180.0
09-01-2024,5.5,0.0,0.64,5246180.0
10-01-2024,5.5,0.2,1.55,5246180.0
11-01-2024,4.3,0.05,0.77,5246180.0
12-01-2024,2.8,0.0,0.65,5246180.0
13-01-2024,4.4,0.0,0.46,5246180.0
14-01-2024,6.5,1.2,0.57,5246180.0
15-01-2024,10.7,1.95,1.67,5246180.0
16-01-2024,12.7,0.0,2.08,5246180.0
17-01-2024,10.8,4.5,3.39,5246180.0
18-01-2024,11.2,0.0,3.05,5246180.0
19-01-2024,6.6,13.05,1.12,5246180.0
20-01-2024,5.9,0.0,0.9,5246180.0
21-01-2024,7.1,0.0,0.7,5246180.0
22-01-2024,4.8,0.0,0.48,5246180.0
23-01-2024,8.3,0.0,0.49,5246180.0
24-01-2024,10.7,0.0,0.48,5246180.0
25-01-2024,10.7,0.0,0.52,5246180.0
26-01-2024,11.2,0.0,0.5,5246180.0
27-01-2024,10.9,0.0,0.5,5246180.0
28-01-2024,10.2,0.0,0.49,5246180.0
29-01-2024,10.0,0.0,0.62,5246180.0
30-01-2024,8.8,0.0,0.54,5246180.0
31-01-2024,6.5,0.0,0.48,5246180.0
01-02-2024,8.7,0.0,0.47,5246180.0
02-02-2024,8.6,0.0,0.84,5246180.0
03-02-2024,8.9,0.0,0.61,5246180.0
04-02-2024,8.4,0.0,0.56,5246180.0
05-02-2024,7.7,0.0,0.62,5246180.0
06-02-2024,8.1,0.0,0.83,5246180.0
07-02-2024,8.0,0.0,1.02,5246180.0
08-02-2024,9.5,0.3,1.72,5246180.0
09-02-2024,9.2,4.6,2.16,5246180.0
10-02-2024,7.3,0.25,2.19,5246180.0
11-02-2024,5.0,0.05,2.02,5246180.0
12-02-2024,9.2,0.05,2.13,5246180.0
13-02-2024,12.1,0.0,0.65,5246180.0
14-02-2024,12.5,0.0,0.64,5246180.0
15-02-2024,11.2,1.65,1.06,5246180.0
16-02-2024,11.8,0.0,1.09,5246180.0
17-02-2024,9.3,0.0,0.62,5246180.0
18-02-2024,9.5,0.0,0.52,5246180.0
19-02-2024,11.3,0.0,0.55,5246180.0
20-02-2024,10.4,0.0,0.68,5246180.0
21-02-2024,9.1,0.0,0.63,5246180.0
22-02-2024,9.9,2.55,2.52,5246180.0
23-02-2024,6.0,0.1,2.1,5246180.0
24-02-2024,6.3,0.0,1.87,5246180.0
25-02-2024,9.0,0.3,4.16,5246180.0
26-02-2024,8.3,0.0,2.1,5246180.0
27-02-2024,7.0,0.0,1.25,5246180.0
28-02-2024,7.8,0.0,1.09,5246180.0
29-02-2024,6.7,0.0,1.44,5246180.0
30-02-2024,0.0,0.0,0.0,5246180.0
31-02-2024,0.0,0.0,0.0,5246180.0
01-03-2024,7.2,0.0,2.12,5246180.0
02-03-2024,5.3,3.7,3.2,5246180.0
03-03-2024,5.5,0.0,1.73,5246180.0
04-03-2024,8.5,0.0,2.52,5246180.0
05-03-2024,8.8,0.0,1.13,5246180.0
06-03-2024,7.5,0.0,0.63,5246180.0
07-03-2024,6.9,2.7,1.66,5246180.0
08-03-2024,6.2,3.6,3.35,5246180.0
09-03-2024,5.3,2.9,3.06,5246180.0
10-03-2024,7.4,1.1,2.52,5246180.0
11-03-2024,9.4,0.0,1.76,5246180.0
12-03-2024,9.3,0.0,0.63,5246180.0
13-03-2024,11.1,0.0,0.72,5246180.0
14-03-2024,10.2,0.0,1.43,5246180.0
15-03-2024,11.7,0.0,0.72,5246180.0
16-03-2024,12.2,0.0,0.73,5246180.0
17-03-2024,14.4,0.0,0.61,5246180.0
18-03-2024,14.8,0.0,0.73,5246180.0
19-03-2024,16.4,0.0,0.74,5246180.0
20-03-2024,16.0,0.05,1.11,5246180.0
21-03-2024,17.5,0.0,1.39,5246180.0
22-03-2024,17.7,0.0,0.78,5246180.0
23-03-2024,16.5,0.0,0.91,5246180.0
24-03-2024,15.9,0.0,1.32,5246180.0
25-03-2024,12.0,0.2,1.34,5246180.0
26-03-2024,5.9,1.1,2.67,5246180.0
27-03-2024,7.7,0.85,4.03,5246180.0
28-03-2024,10.4,5.65,3.84,5246180.0
29-03-2024,7.0,3.55,1.76,5246180.0
30-03-2024,6.6,3.4,2.04,5246180.0
31-03-2024,6.1,4.75,2.5,5246180.0
01-04-2024,7.3,0.45,2.76,5246180.0
02-04-2024,9.1,0.0,1.18,5246180.0
03-04-2024,12.3,0.0,1.45,5246180.0
04-04-2024,13.2,0.0,0.8,5246180.0
05-04-2024,15.1,0.0,0.85,5246180.0
06-04-2024,17.6,0.0,0.83,5246180.0
07-04-2024,16.7,0.0,1.32,5246180.0
08-04-2024,12.5,0.15,2.38,5246180.0
09-04-2024,10.7,0.0,1.04,5246180.0
10-04-2024,13.1,0.0,0.68,5246180.0
11-04-2024,17.8,0.0,0.98,5246180.0
12-04-2024,17.8,0.0,0.83,5246180.0
13-04-2024,18.5,0.0,0.66,5246180.0
14-04-2024,18.7,0.0,0.84,5246180.0
15-04-2024,19.6,0.0,0.81,5246180.0
16-04-2024,17.9,0.0,0.91,5246180.0
17-04-2024,15.6,0.0,0.94,5246180.0
18-04-2024,14.7,0.0,1.16,5246180.0
19-04-2024,14.3,0.0,0.94,5246180.0
20-04-2024,16.6,0.0,0.92,5246180.0
21-04-2024,16.8,0.0,1.04,5246180.0
22-04-2024,12.5,0.0,1.31,5246180.0
23-04-2024,10.1,0.0,1.09,5246180.0
24-04-2024,11.4,0.0,1.19,5246180.0
25-04-2024,12.6,0.0,0.89,5246180.0
26-04-2024,12.2,0.0,2.03,5246180.0
27-04-2024,10.2,4.45,2.87,5246180.0
28-04-2024,11.0,0.0,0.73,5246180.0
29-04-2024,12.0,2.05,0.89,5246180.0
30-04-2024,12.2,0.0,1.79,5246180.0
31-04-2024,0.0,0.0,0.0,5246180.0
01-05-2024,10.0,0.1,2.09,5246180.0
02-05-2024,9.8,0.0,1.7,5246180.0
03-05-2024,12.1,0.0,1.29,5246180.0
04-05-2024,15.7,0.0,2.15,5246180.0
05-05-2024,15.4,2.0,2.58,5246180.0
06-05-2024,15.1,0.85,0.98,5246180.0
07-05-2024,15.2,0.0,0.6,5246180.0
08-05-2024,17.2,0.0,1.03,5246180.0
09-05-2024,18.9,0.0,0.44,5246180.0
10-05-2024,21.2,0.0,0.64,5246180.0
11-05-2024,21.4,0.0,1.35,5246180.0
12-05-2024,20.9,0.0,0.71,5246180.0
13-05-2024,20.5,0.0,1.91,5246180.0
14-05-2024,14.9,0.15,1.6,5246180.0
15-05-2024,13.2,0.0,1.41,5246180.0
16-05-2024,12.7,0.0,1.9,5246180.0
17-05-2024,14.5,0.35,1.63,5246180.0
18-05-2024,15.7,0.0,0.96,5246180.0
19-05-2024,15.3,0.0,1.14,5246180.0
20-05-2024,14.3,0.05,0.7,5246180.0
21-05-2024,14.6,0.25,1.06,5246180.0
22-05-2024,16.0,0.0,1.22,5246180.0
23-05-2024,17.6,0.0,0.62,5246180.0
24-05-2024,20.0,0.0,0.97,5246180.0
25-05-2024,20.3,0.0,1.75,5246180.0
26-05-2024,21.0,0.0,1.68,5246180.0
27-05-2024,22.5,0.0,0.76,5246180.0
28-05-2024,23.7,0.0,0.79,5246180.0
29-05-2024,25.8,0.0,0.66,5246180.0
30-05-2024,26.5,0.0,0.95,5246180.0
31-05-2024,22.4,0.0,1.46,5246180.0
01-06-2024,19.3,0.0,1.58,5246180.0
02-06-2024,20.3,0.0,1.13,5246180.0
03-06-2024,22.4,0.0,1.08,5246180.0
04-06-2024,24.2,0.0,0.96,5246180.0
05-06-2024,25.6,0.0,1.02,5246180.0
06-06-2024,25.9,1.25,0.82,5246180.0
07-06-2024,26.6,0.0,1.32,5246180.0
08-06-2024,19.8,1.85,1.42,5246180.0
09-06-2024,21.7,0.0,1.05,5246180.0
10-06-2024,17.0,7.05,0.56,5246180.0
11-06-2024,19.0,0.0,0.83,5246180.0
12-06-2024,19.7,0.0,1.03,5246180.0
13-06-2024,20.5,0.0,1.45,5246180.0
14-06-2024,23.0,0.0,2.16,5246180.0
15-06-2024,22.8,0.0,1.38,5246180.0
16-06-2024,22.3,0.0,1.33,5246180.0
17-06-2024,23.1,0.0,1.64,5246180.0
18-06-2024,20.3,0.5,1.41,5246180.0
19-06-2024,18.1,0.05,1.27,5246180.0
20-06-2024,16.0,1.85,0.94,5246180.0
21-06-2024,20.8,0.0,0.66,5246180.0
22-06-2024,25.9,0.0,1.25,5246180.0
23-06-2024,24.4,0.0,0.91,5246180.0
24-06-2024,25.3,0.0,0.96,5246180.0
25-06-2024,26.6,0.0,0.93,5246180.0
26-06-2024,24.7,0.15,1.33,5246180.0
27-06-2024,26.3,0.0,1.36,5246180.0
28-06-2024,22.8,0.0,2.19,5246180.0
29-06-2024,18.7,0.4,3.05,5246180.0
30-06-2024,21.0,0.0,1.3,5246180.0
31-06-2024,0.0,0.0,0.0,5246180.0
01-07-2024,23.4,0.0,0.74,5246180.0
02-07-2024,24.1,0.0,1.02,5246180.0
03-07-2024,26.3,0.0,0.74,5246180.0
04-07-2024,28.8,0.0,0.63,5246180.0
05-07-2024,29.7,0.0,1.17,5246180.0
06-07-2024,28.0,0.0,1.64,5246180.0
07-07-2024,24.1,0.0,1.43,5246180.0
08-07-2024,25.1,0.0,1.23,5246180.0
09-07-2024,25.7,0.0,1.63,5246180.0
10-07-2024,26.3,0.0,1.52,5246180.0
11-07-2024,28.7,0.0,2.2,5246180.0
12-07-2024,27.4,0.0,0.93,5246180.0
13-07-2024,26.1,0.0,1.59,5246180.0
14-07-2024,25.7,0.0,2.44,5246180.0
15-07-2024,24.6,0.0,3.61,5246180.0
16-07-2024,25.3,0.0,0.94,5246180.0
17-07-2024,26.2,0.0,0.73,5246180.0
18-07-2024,27.9,0.0,1.08,5246180.0
19-07-2024,29.5,0.0,1.43,5246180.0
20-07-2024,28.5,0.0,2.17,5246180.0
21-07-2024,26.4,0.0,1.12,5246180.0
22-07-2024,27.0,0.0,0.86,5246180.0
23-07-2024,30.7,0.0,0.76,5246180.0
24-07-2024,32.7,0.0,0.9,5246180.0
25-07-2024,32.4,0.0,0.99,5246180.0
26-07-2024,31.0,0.0,1.0,5246180.0
27-07-2024,31.6,0.0,1.27,5246180.0
28-07-2024,31.8,0.0,2.07,5246180.0
29-07-2024,30.3,0.0,1.32,5246180.0
30-07-2024,30.9,0.0,1.54,5246180.0
31-07-2024,30.3,0.0,1.47,5246180.0
01-01-2024,7.4,,,
02-01-2024,6.3,,,
03-01-2024,11.2,,,
04-01-2024,9.8,,,
05-01-2024,7.9,,,
06-01-2024,7.2,,,
07-01-2024,6.9,,,
08-01-2024,5.1,,,
09-01-2024,6.2,,,
10-01-2024,6.7,,,
11-01-2024,6.4,,,
12-01-2024,5.0,,,
13-01-2024,7.0,,,
14-01-2024,8.4,,,
15-01-2024,11.8,,,
16-01-2024,13.2,,,
17-01-2024,11.3,,,
18-01-2024,12.0,,,
19-01-2024,7.3,,,
20-01-2024,7.4,,,
21-01-2024,9.1,,,
22-01-2024,7.9,,,
23-01-2024,10.9,,,
24-01-2024,13.6,,,
25-01-2024,13.5,,,
26-01-2024,14.6,,,
27-01-2024,15.4,,,
28-01-2024,14.3,,,
29-01-2024,13.0,,,
30-01-2024,11.1,,,
31-01-2024,9.4,,,
01-02-2024,12.1,,,
02-02-2024,12.3,,,
03-02-2024,12.8,,,
04-02-2024,12.0,,,
05-02-2024,11.1,,,
06-02-2024,10.9,,,
07-02-2024,9.5,,,
08-02-2024,10.1,,,
09-02-2024,9.7,,,
10-02-2024,8.3,,,
11-02-2024,6.2,,,
12-02-2024,10.6,,,
13-02-2024,13.2,,,
14-02-2024,15.1,,,
15-02-2024,13.1,,,
16-02-2024,12.5,,,
17-02-2024,12.4,,,
18-02-2024,12.9,,,
19-02-2024,14.4,,,
20-02-2024,13.7,,,
21-02-2024,11.8,,,
22-02-2024,11.0,,,
23-02-2024,7.1,,,
24-02-2024,7.2,,,
25-02-2024,9.7,,,
26-02-2024,9.4,,,
27-02-2024,8.5,,,
28-02-2024,10.3,,,
29-02-2024,9.6,,,
30-02-2024,0.0,,,
31-02-2024,0.0,,,
01-03-2024,8.5,,,
02-03-2024,6.4,,,
03-03-2024,6.7,,,
04-03-2024,9.6,,,
05-03-2024,10.2,,,
06-03-2024,10.5,,,
07-03-2024,8.8,,,
08-03-2024,7.0,,,
09-03-2024,6.2,,,
10-03-2024,8.2,,,
11-03-2024,10.7,,,
12-03-2024,11.9,,,
13-03-2024,14.2,,,
14-03-2024,13.0,,,
15-03-2024,13.5,,,
16-03-2024,16.7,,,
17-03-2024,17.1,,,
18-03-2024,17.4,,,
19-03-2024,19.1,,,
20-03-2024,18.6,,,
21-03-2024,19.4,,,
22-03-2024,20.7,,,
23-03-2024,20.5,,,
24-03-2024,17.9,,,
25-03-2024,12.8,,,
26-03-2024,7.1,,,
27-03-2024,9.1,,,
28-03-2024,11.2,,,
29-03-2024,8.0,,,
30-03-2024,7.6,,,
31-03-2024,7.0,,,
01-04-2024,8.6,,,
02-04-2024,10.5,,,
03-04-2024,13.7,,,
04-04-2024,15.4,,,
05-04-2024,17.8,,,
06-04-2024,20.0,,,
07-04-2024,18.9,,,
08-04-2024,14.2,,,
09-04-2024,11.7,,,
10-04-2024,14.8,,,
11-04-2024,20.1,,,
12-04-2024,19.7,,,
13-04-2024,21.5,,,
14-04-2024,21.8,,,
15-04-2024,22.3,,,
16-04-2024,20.8,,,
17-04-2024,17.1,,,
18-04-2024,16.6,,,
19-04-2024,15.5,,,
20-04-2024,19.1,,,
21-04-2024,17.7,,,
22-04-2024,14.1,,,
23-04-2024,11.5,,,
24-04-2024,12.6,,,
25-04-2024,14.9,,,
26-04-2024,13.8,,,
27-04-2024,11.4,,,
28-04-2024,12.3,,,
29-04-2024,14.0,,,
30-04-2024,13.6,,,
31-04-2024,0.0,,,
01-05-2024,11.0,,,
02-05-2024,10.7,,,
03-05-2024,13.2,,,
04-05-2024,16.9,,,
05-05-2024,16.6,,,
06-05-2024,15.6,,,
07-05-2024,16.9,,,
08-05-2024,18.1,,,
09-05-2024,20.9,,,
10-05-2024,22.8,,,
11-05-2024,22.4,,,
12-05-2024,22.5,,,
13-05-2024,22.4,,,
14-05-2024,15.6,,,
15-05-2024,14.3,,,
16-05-2024,13.8,,,
17-05-2024,15.3,,,
18-05-2024,16.8,,,
19-05-2024,17.0,,,
20-05-2024,15.7,,,
21-05-2024,15.6,,,
22-05-2024,16.8,,,
23-05-2024,19.1,,,
24-05-2024,20.7,,,
25-05-2024,22.5,,,
26-05-2024,23.1,,,
27-05-2024,24.2,,,
28-05-2024,24.1,,,
29-05-2024,27.0,,,
30-05-2024,27.5,,,
31-05-2024,23.1,,,
01-06-2024,20.2,,,
02-06-2024,20.8,,,
03-06-2024,22.7,,,
04-06-2024,24.6,,,
05-06-2024,27.1,,,
06-06-2024,28.0,,,
07-06-2024,27.5,,,
08-06-2024,20.4,,,
09-06-2024,19.9,,,
10-06-2024,17.7,,,
11-06-2024,19.4,,,
12-06-2024,19.6,,,
13-06-2024,20.9,,,
14-06-2024,24.4,,,
15-06-2024,23.4,,,
16-06-2024,24.0,,,
17-06-2024,24.2,,,
18-06-2024,21.6,,,
19-06-2024,19.1,,,
20-06-2024,17.0,,,
21-06-2024,21.6,,,
22-06-2024,24.4,,,
23-06-2024,25.0,,,
24-06-2024,25.8,,,
25-06-2024,27.8,,,
26-06-2024,25.5,,,
27-06-2024,27.6,,,
28-06-2024,23.4,,,
29-06-2024,19.6,,,
30-06-2024,21.7,,,
31-06-2024,0.0,,,
01-07-2024,24.6,,,
02-07-2024,24.6,,,
03-07-2024,26.9,,,
04-07-2024,30.2,,,
05-07-2024,30.9,,,
06-07-2024,28.8,,,
07-07-2024,24.8,,,
08-07-2024,26.5,,,
09-07-2024,27.0,,,
10-07-2024,27.8,,,
11-07-2024,29.8,,,
12-07-2024,28.0,,,
13-07-2024,26.8,,,
14-07-2024,27.1,,,
15-07-2024,26.1,,,
16-07-2024,26.5,,,
17-07-2024,28.5,,,
18-07-2024,29.8,,,
19-07-2024,31.3,,,
20-07-2024,29.8,,,
21-07-2024,26.8,,,
22-07-2024,27.6,,,
23-07-2024,31.3,,,
24-07-2024,33.4,,,
25-07-2024,33.2,,,
26-07-2024,31.6,,,
27-07-2024,31.9,,,
28-07-2024,32.1,,,
29-07-2024,30.6,,,
30-07-2024,31.5,,,
31-07-2024,31.7,,,
01-01-2024,6.7,,,4794560.0
02-01-2024,6.0,,,4794560.0
03-01-2024,10.7,,,4794560.0
04-01-2024,9.3,,,4794560.0
05-01-2024,6.7,,,4794560.0
06-01-2024,6.2,,,4794560.0
07-01-2024,5.8,,,4794560.0
08-01-2024,4.8,,,4794560.0
09-01-2024,5.7,,,4794560.0
10-01-2024,6.1,,,4794560.0
11-01-2024,5.2,,,4794560.0
12-01-2024,4.1,,,4794560.0
13-01-2024,6.6,,,4794560.0
14-01-2024,7.8,,,4794560.0
15-01-2024,11.0,,,4794560.0
16-01-2024,12.6,,,4794560.0
17-01-2024,10.7,,,4794560.0
18-01-2024,11.3,,,4794560.0
19-01-2024,6.7,,,4794560.0
20-01-2024,6.5,,,4794560.0
21-01-2024,8.5,,,4794560.0
22-01-2024,7.3,,,4794560.0
23-01-2024,10.6,,,4794560.0
24-01-2024,14.0,,,4794560.0
25-01-2024,13.5,,,4794560.0
26-01-2024,14.5,,,4794560.0
27-01-2024,14.8,,,4794560.0
28-01-2024,13.7,,,4794560.0
29-01-2024,12.4,,,4794560.0
30-01-2024,10.8,,,4794560.0
31-01-2024,8.7,,,4794560.0
01-02-2024,12.3,,,4794560.0
02-02-2024,11.9,,,4794560.0
03-02-2024,12.0,,,4794560.0
04-02-2024,12.2,,,4794560.0
05-02-2024,11.2,,,4794560.0
06-02-2024,10.4,,,4794560.0
07-02-2024,8.7,,,4794560.0
08-02-2024,9.5,,,4794560.0
09-02-2024,9.1,,,4794560.0
10-02-2024,7.2,,,4794560.0
11-02-2024,5.3,,,4794560.0
12-02-2024,9.7,,,4794560.0
13-02-2024,12.6,,,4794560.0
14-02-2024,14.2,,,4794560.0
15-02-2024,12.4,,,4794560.0
16-02-2024,12.1,,,4794560.0
17-02-2024,11.9,,,4794560.0
18-02-2024,12.8,,,4794560.0
19-02-2024,13.9,,,4794560.0
20-02-2024,13.6,,,4794560.0
21-02-2024,11.6,,,4794560.0
22-02-2024,10.3,,,4794560.0
23-02-2024,6.4,,,4794560.0
24-02-2024,6.5,,,4794560.0
25-02-2024,9.0,,,4794560.0
26-02-2024,8.1,,,4794560.0
27-02-2024,7.4,,,4794560.0
28-02-2024,9.3,,,4794560.0
29-02-2024,8.6,,,4794560.0
30-02-2024,0.0,,,4794560.0
31-02-2024,0.0,,,4794560.0
01-03-2024,7.5,,,4794560.0
02-03-2024,5.5,,,4794560.0
03-03-2024,5.7,,,4794560.0
04-03-2024,8.9,,,4794560.0
05-03-2024,9.6,,,4794560.0
06-03-2024,9.8,,,4794560.0
07-03-2024,8.2,,,4794560.0
08-03-2024,6.2,,,4794560.0
09-03-2024,5.3,,,4794560.0
10-03-2024,7.5,,,4794560.0
11-03-2024,9.8,,,4794560.0
12-03-2024,11.6,,,4794560.0
13-03-2024,13.7,,,4794560.0
14-03-2024,12.5,,,4794560.0
15-03-2024,12.8,,,4794560.0
16-03-2024,13.8,,,4794560.0
17-03-2024,16.8,,,4794560.0
18-03-2024,17.0,,,4794560.0
19-03-2024,18.6,,,4794560.0
20-03-2024,18.1,,,4794560.0
21-03-2024,18.4,,,4794560.0
22-03-2024,19.7,,,4794560.0
23-03-2024,19.6,,,4794560.0
24-03-2024,17.0,,,4794560.0
25-03-2024,11.9,,,4794560.0
26-03-2024,6.2,,,4794560.0
27-03-2024,8.2,,,4794560.0
28-03-2024,10.4,,,4794560.0
29-03-2024,7.3,,,4794560.0
30-03-2024,6.7,,,4794560.0
31-03-2024,6.2,,,4794560.0
01-04-2024,7.8,,,4794560.0
02-04-2024,9.9,,,4794560.0
03-04-2024,13.2,,,4794560.0
04-04-2024,15.0,,,4794560.0
05-04-2024,17.0,,,4794560.0
06-04-2024,19.3,,,4794560.0
07-04-2024,18.4,,,4794560.0
08-04-2024,12.2,,,4794560.0
09-04-2024,11.0,,,4794560.0
10-04-2024,14.4,,,4794560.0
11-04-2024,19.6,,,4794560.0
12-04-2024,19.5,,,4794560.0
13-04-2024,21.2,,,4794560.0
14-04-2024,21.5,,,4794560.0
15-04-2024,22.1,,,4794560.0
16-04-2024,20.2,,,4794560.0
17-04-2024,16.0,,,4794560.0
18-04-2024,15.7,,,4794560.0
19-04-2024,14.9,,,4794560.0
20-04-2024,18.4,,,4794560.0
21-04-2024,17.1,,,4794560.0
22-04-2024,13.1,,,4794560.0
23-04-2024,10.6,,,4794560.0
24-04-2024,11.9,,,4794560.0
25-04-2024,14.1,,,4794560.0
26-04-2024,13.0,,,4794560.0
27-04-2024,10.7,,,4794560.0
28-04-2024,11.9,,,4794560.0
29-04-2024,13.4,,,4794560.0
30-04-2024,13.0,,,4794560.0
31-04-2024,0.0,,,4794560.0
01-05-2024,10.0,,,4794560.0
02-05-2024,10.1,,,4794560.0
03-05-2024,12.6,,,4794560.0
04-05-2024,16.2,,,4794560.0
05-05-2024,15.8,,,4794560.0
06-05-2024,14.9,,,4794560.0
07-05-2024,16.5,,,4794560.0
08-05-2024,17.4,,,4794560.0
09-05-2024,20.6,,,4794560.0
10-05-2024,22.4,,,4794560.0
11-05-2024,21.8,,,4794560.0
12-05-2024,22.0,,,4794560.0
13-05-2024,21.8,,,4794560.0
14-05-2024,14.6,,,4794560.0
15-05-2024,13.3,,,4794560.0
16-05-2024,13.0,,,4794560.0
17-05-2024,14.7,,,4794560.0
18-05-2024,16.3,,,4794560.0
19-05-2024,16.2,,,4794560.0
20-05-2024,15.0,,,4794560.0
21-05-2024,15.0,,,4794560.0
22-05-2024,16.0,,,4794560.0
23-05-2024,18.5,,,4794560.0
24-05-2024,20.2,,,4794560.0
25-05-2024,22.1,,,4794560.0
26-05-2024,22.4,,,4794560.0
27-05-2024,23.7,,,4794560.0
28-05-2024,23.8,,,4794560.0
29-05-2024,26.6,,,4794560.0
30-05-2024,27.0,,,4794560.0
31-05-2024,22.4,,,4794560.0
01-06-2024,19.4,,,4794560.0
02-06-2024,20.1,,,4794560.0
03-06-2024,22.3,,,4794560.0
04-06-2024,24.1,,,4794560.0
05-06-2024,26.6,,,4794560.0
06-06-2024,27.0,,,4794560.0
07-06-2024,26.9,,,4794560.0
08-06-2024,19.7,,,4794560.0
09-06-2024,19.4,,,4794560.0
10-06-2024,17.0,,,4794560.0
11-06-2024,18.9,,,4794560.0
12-06-2024,19.4,,,4794560.0
13-06-2024,20.5,,,4794560.0
14-06-2024,23.9,,,4794560.0
15-06-2024,22.9,,,4794560.0
16-06-2024,23.4,,,4794560.0
17-06-2024,23.7,,,4794560.0
18-06-2024,21.0,,,4794560.0
19-06-2024,18.8,,,4794560.0
20-06-2024,16.3,,,4794560.0
21-06-2024,21.1,,,4794560.0
22-06-2024,23.7,,,4794560.0
23-06-2024,24.2,,,4794560.0
24-06-2024,25.3,,,4794560.0
25-06-2024,26.5,,,4794560.0
26-06-2024,24.5,,,4794560.0
27-06-2024,26.8,,,4794560.0
28-06-2024,22.6,,,4794560.0
29-06-2024,18.6,,,4794560.0
30-06-2024,21.0,,,4794560.0
31-06-2024,0.0,,,4794560.0
01-07-2024,24.0,,,4794560.0
02-07-2024,23.8,,,4794560.0
03-07-2024,26.4,,,4794560.0
04-07-2024,29.6,,,4794560.0
05-07-2024,30.1,,,4794560.0
06-07-2024,27.9,,,4794560.0
07-07-2024,23.9,,,4794560.0
08-07-2024,25.9,,,4794560.0
09-07-2024,26.4,,,4794560.0
10-07-2024,27.3,,,4794560.0
11-07-2024,29.1,,,4794560.0
12-07-2024,27.5,,,4794560.0
13-07-2024,26.0,,,4794560.0
14-07-2024,26.3,,,4794560.0
15-07-2024,25.1,,,4794560.0
16-07-2024,26.0,,,4794560.0
17-07-2024,28.0,,,4794560.0
18-07-2024,29.2,,,4794560.0
19-07-2024,30.8,,,4794560.0
20-07-2024,29.0,,,4794560.0
21-07-2024,26.2,,,4794560.0
22-07-2024,27.0,,,4794560.0
23-07-2024,31.1,,,4794560.0
24-07-2024,33.0,,,4794560.0
25-07-2024,32.8,,,4794560.0
26-07-2024,31.1,,,4794560.0
27-07-2024,31.4,,,4794560.0
28-07-2024,31.4,,,4794560.0
29-07-2024,30.1,,,4794560.0
30-07-2024,31.0,,,4794560.0
31-07-2024,31.2,,,4794560.0
01-01-2024,6.8,0.0,,9438374.0
02-01-2024,5.9,0.1,,9438374.0
03-01-2024,11.0,4.15,,9438374.0
04-01-2024,9.4,4.85,,9438374.0
05-01-2024,7.4,0.35,,9438374.0
06-01-2024,6.6,0.0,,9438374.0
07-01-2024,5.4,0.0,,9438374.0
08-01-2024,3.8,0.0,,9438374.0
09-01-2024,6.0,0.0,,9438374.0
10-01-2024,6.5,0.0,,9438374.0
11-01-2024,5.2,0.0,,9438374.0
12-01-2024,3.7,0.0,,9438374.0
13-01-2024,6.3,0.0,,9438374.0
14-01-2024,7.8,2.35,,9438374.0
15-01-2024,11.4,7.3,,9438374.0
16-01-2024,13.1,0.2,,9438374.0
17-01-2024,11.2,13.3,,9438374.0
18-01-2024,11.7,0.15,,9438374.0
19-01-2024,6.7,27.2,,9438374.0
20-01-2024,6.9,0.0,,9438374.0
21-01-2024,8.3,0.0,,9438374.0
22-01-2024,6.6,0.0,,9438374.0
23-01-2024,9.9,0.0,,9438374.0
24-01-2024,12.9,0.0,,9438374.0
25-01-2024,12.2,0.0,,9438374.0
26-01-2024,13.0,0.0,,9438374.0
27-01-2024,13.8,0.0,,9438374.0
28-01-2024,12.7,0.0,,9438374.0
29-01-2024,12.2,0.0,,9438374.0
30-01-2024,10.2,0.0,,9438374.0
31-01-2024,8.3,0.0,,9438374.0
01-02-2024,10.7,0.0,,9438374.0
02-02-2024,10.5,0.0,,9438374.0
03-02-2024,10.9,0.0,,9438374.0
04-02-2024,10.8,0.0,,9438374.0
05-02-2024,10.1,0.0,,9438374.0
06-02-2024,10.1,0.0,,9438374.0
07-02-2024,8.8,0.0,,9438374.0
08-02-2024,10.1,0.7,,9438374.0
09-02-2024,9.8,10.5,,9438374.0
10-02-2024,7.8,0.4,,9438374.0
11-02-2024,5.8,0.2,,9438374.0
12-02-2024,10.2,0.25,,9438374.0
13-02-2024,12.7,0.0,,9438374.0
14-02-2024,13.8,0.0,,9438374.0
15-02-2024,12.6,3.4,,9438374.0
16-02-2024,12.3,0.0,,9438374.0
17-02-2024,10.9,0.0,,9438374.0
18-02-2024,11.6,0.0,,9438374.0
19-02-2024,12.8,0.0,,9438374.0
20-02-2024,12.5,0.0,,9438374.0
21-02-2024,10.9,0.0,,9438374.0
22-02-2024,10.6,2.55,,9438374.0
23-02-2024,6.7,0.2,,9438374.0
24-02-2024,7.2,0.0,,9438374.0
25-02-2024,9.4,0.55,,9438374.0
26-02-2024,8.7,0.0,,9438374.0
27-02-2024,7.7,0.0,,9438374.0
28-02-2024,8.9,0.0,,9438374.0
29-02-2024,8.2,0.0,,9438374.0
30-02-2024,0.0,0.0,,9438374.0
31-02-2024,0.0,0.0,,9438374.0
01-03-2024,7.9,0.0,,9438374.0
02-03-2024,5.9,8.5,,9438374.0
03-03-2024,6.2,0.0,,9438374.0
04-03-2024,9.2,0.0,,9438374.0
05-03-2024,9.6,0.0,,9438374.0
06-03-2024,9.5,0.0,,9438374.0
07-03-2024,8.4,6.6,,9438374.0
08-03-2024,6.8,8.45,,9438374.0
09-03-2024,5.9,6.4,,9438374.0
10-03-2024,8.0,1.3,,9438374.0
11-03-2024,10.1,0.0,,9438374.0
12-03-2024,10.8,0.0,,9438374.0
13-03-2024,13.1,0.0,,9438374.0
14-03-2024,12.0,0.0,,9438374.0
15-03-2024,12.7,0.0,,9438374.0
16-03-2024,13.7,0.0,,9438374.0
17-03-2024,15.9,0.0,,9438374.0
18-03-2024,16.6,0.0,,9438374.0
19-03-2024,18.2,0.0,,9438374.0
20-03-2024,18.0,0.0,,9438374.0
21-03-2024,18.7,0.1,,9438374.0
22-03-2024,19.4,0.0,,9438374.0
23-03-2024,19.1,0.0,,9438374.0
24-03-2024,17.4,0.0,,9438374.0
25-03-2024,12.8,6.45,,9438374.0
26-03-2024,0.0,0.0,,9438374.0
27-03-2024,0.0,0.0,,9438374.0
28-03-2024,13.6,12.25,,9438374.0
29-03-2024,7.9,8.45,,9438374.0
30-03-2024,7.8,9.8,,9438374.0
31-03-2024,6.9,8.85,,9438374.0
01-04-2024,8.4,0.0,,9438374.0
02-04-2024,10.2,0.0,,9438374.0
03-04-2024,13.8,0.0,,9438374.0
04-04-2024,14.6,0.0,,9438374.0
05-04-2024,17.0,0.0,,9438374.0
06-04-2024,18.8,0.0,,9438374.0
07-04-2024,18.6,0.0,,9438374.0
08-04-2024,13.8,0.0,,9438374.0
09-04-2024,11.0,0.0,,9438374.0
10-04-2024,14.2,0.0,,9438374.0
11-04-2024,19.4,0.0,,9438374.0
12-04-2024,19.1,0.0,,9438374.0
13-04-2024,20.4,0.0,,9438374.0
14-04-2024,20.7,0.0,,9438374.0
15-04-2024,21.4,0.0,,9438374.0
16-04-2024,20.1,0.0,,9438374.0
17-04-2024,16.2,2.39,,9438374.0
18-04-2024,15.9,0.0,,9438374.0
19-04-2024,15.1,0.0,,9438374.0
20-04-2024,18.7,0.0,,9438374.0
21-04-2024,17.5,0.0,,9438374.0
22-04-2024,13.1,0.0,,9438374.0
23-04-2024,11.0,0.0,,9438374.0
24-04-2024,12.8,0.0,,9438374.0
25-04-2024,13.8,0.0,,9438374.0
26-04-2024,13.5,0.0,,9438374.0
27-04-2024,11.2,3.9,,9438374.0
28-04-2024,11.9,0.0,,9438374.0
29-04-2024,13.8,0.0,,9438374.0
30-04-2024,13.5,0.0,,9438374.0
31-04-2024,0.0,0.0,,9438374.0
01-05-2024,10.8,0.21,,9438374.0
02-05-2024,10.6,0.0,,9438374.0
03-05-2024,13.2,0.09,,9438374.0
04-05-2024,16.5,0.0,,9438374.0
05-05-2024,16.4,0.0,,9438374.0
06-05-2024,15.5,0.0,,9438374.0
07-05-2024,16.5,0.0,,9438374.0
08-05-2024,17.6,0.0,,9438374.0
09-05-2024,20.4,0.0,,9438374.0
10-05-2024,22.3,0.0,,9438374.0
11-05-2024,22.1,0.0,,9438374.0
12-05-2024,22.1,0.0,,9438374.0
13-05-2024,21.6,0.0,,9438374.0
14-05-2024,15.1,0.0,,9438374.0
15-05-2024,14.1,0.0,,9438374.0
16-05-2024,13.7,0.03,,9438374.0
17-05-2024,15.2,0.11,,9438374.0
18-05-2024,16.7,0.0,,9438374.0
19-05-2024,16.4,0.0,,9438374.0
20-05-2024,15.3,0.0,,9438374.0
21-05-2024,15.6,0.03,,9438374.0
22-05-2024,16.3,0.0,,9438374.0
23-05-2024,18.4,0.0,,9438374.0
24-05-2024,20.7,0.0,,9438374.0
25-05-2024,22.1,0.0,,9438374.0
26-05-2024,22.2,0.0,,9438374.0
27-05-2024,23.5,0.0,,9438374.0
28-05-2024,23.9,0.0,,9438374.0
29-05-2024,26.5,0.0,,9438374.0
30-05-2024,26.9,0.0,,9438374.0
31-05-2024,22.4,0.0,,9438374.0
01-06-2024,20.0,0.0,,9438374.0
02-06-2024,20.8,0.0,,9438374.0
03-06-2024,22.5,0.0,,9438374.0
04-06-2024,24.5,0.0,,9438374.0
05-06-2024,26.6,0.0,,9438374.0
06-06-2024,26.6,2.7,,9438374.0
07-06-2024,26.8,0.0,,9438374.0
08-06-2024,20.1,1.51,,9438374.0
09-06-2024,19.9,0.0,,9438374.0
10-06-2024,17.2,4.14,,9438374.0
11-06-2024,19.3,0.0,,9438374.0
12-06-2024,19.7,0.0,,9438374.0
13-06-2024,20.9,0.0,,9438374.0
14-06-2024,23.5,0.0,,9438374.0
15-06-2024,23.3,0.0,,9438374.0
16-06-2024,23.4,0.0,,9438374.0
17-06-2024,24.0,0.0,,9438374.0
18-06-2024,21.0,0.28,,9438374.0
19-06-2024,19.3,0.0,,9438374.0
20-06-2024,16.8,3.72,,9438374.0
21-06-2024,21.3,0.0,,9438374.0
22-06-2024,23.5,0.0,,9438374.0
23-06-2024,24.5,0.0,,9438374.0
24-06-2024,25.3,0.0,,9438374.0
25-06-2024,26.3,0.0,,9438374.0
26-06-2024,24.6,0.15,,9438374.0
27-06-2024,26.8,0.0,,9438374.0
28-06-2024,23.4,0.0,,9438374.0
29-06-2024,19.2,0.3,,9438374.0
30-06-2024,21.8,0.0,,9438374.0
31-06-2024,0.0,0.0,,9438374.0
01-07-2024,24.0,0.0,,9438374.0
02-07-2024,24.0,0.0,,9438374.0
03-07-2024,26.3,0.0,,9438374.0
04-07-2024,29.0,0.0,,9438374.0
05-07-2024,30.2,0.0,,9438374.0
06-07-2024,28.0,0.0,,9438374.0
07-07-2024,24.4,0.0,,9438374.0
08-07-2024,26.1,0.0,,9438374.0
09-07-2024,26.4,0.0,,9438374.0
10-07-2024,27.5,0.0,,9438374.0
11-07-2024,29.1,0.0,,9438374.0
12-07-2024,27.6,0.0,,9438374.0
13-07-2024,26.4,0.0,,9438374.0
14-07-2024,26.7,0.0,,9438374.0
15-07-2024,25.4,0.0,,9438374.0
16-07-2024,25.7,0.0,,9438374.0
17-07-2024,27.2,0.0,,9438374.0
18-07-2024,28.8,0.0,,9438374.0
19-07-2024,30.2,0.0,,9438374.0
20-07-2024,28.5,0.0,,9438374.0
21-07-2024,26.7,0.0,,9438374.0
22-07-2024,26.8,0.0,,9438374.0
23-07-2024,30.6,0.0,,9438374.0
24-07-2024,32.7,0.0,,9438374.0
25-07-2024,32.6,0.0,,9438374.0
26-07-2024,31.3,0.0,,9438374.0
27-07-2024,31.6,0.0,,9438374.0
28-07-2024,32.2,0.0,,9438374.0
29-07-2024,30.4,0.0,,9438374.0
30-07-2024,31.1,0.0,,9438374.0
31-07-2024,30.5,0.0,,9438374.0
01-01-2024,4.8,,,3568711.0
02-01-2024,5.3,,,3568711.0
03-01-2024,10.2,,,3568711.0
04-01-2024,8.9,,,3568711.0
05-01-2024,6.9,,,3568711.0
06-01-2024,5.8,,,3568711.0
07-01-2024,2.7,,,3568711.0
08-01-2024,1.4,,,3568711.0
09-01-2024,5.1,,,3568711.0
10-01-2024,5.9,,,3568711.0
11-01-2024,3.5,,,3568711.0
12-01-2024,1.2,,,3568711.0
13-01-2024,3.8,,,3568711.0
14-01-2024,6.0,,,3568711.0
15-01-2024,9.8,,,3568711.0
16-01-2024,12.9,,,3568711.0
17-01-2024,11.0,,,3568711.0
18-01-2024,11.6,,,3568711.0
19-01-2024,6.7,,,3568711.0
20-01-2024,4.8,,,3568711.0
21-01-2024,6.0,,,3568711.0
22-01-2024,3.7,,,3568711.0
23-01-2024,6.9,,,3568711.0
24-01-2024,8.7,,,3568711.0
25-01-2024,8.8,,,3568711.0
26-01-2024,9.3,,,3568711.0
27-01-2024,9.2,,,3568711.0
28-01-2024,8.4,,,3568711.0
29-01-2024,9.1,,,3568711.0
30-01-2024,7.4,,,3568711.0
31-01-2024,5.4,,,3568711.0
01-02-2024,7.0,,,3568711.0
02-02-2024,7.1,,,3568711.0
03-02-2024,7.0,,,3568711.0
04-02-2024,6.8,,,3568711.0
05-02-2024,6.3,,,3568711.0
06-02-2024,7.3,,,3568711.0
07-02-2024,6.1,,,3568711.0
08-02-2024,9.2,,,3568711.0
09-02-2024,9.6,,,3568711.0
10-02-2024,7.6,,,3568711.0
11-02-2024,5.7,,,3568711.0
12-02-2024,10.0,,,3568711.0
13-02-2024,11.6,,,3568711.0
14-02-2024,12.1,,,3568711.0
15-02-2024,11.0,,,3568711.0
16-02-2024,11.0,,,3568711.0
17-02-2024,8.0,,,3568711.0
18-02-2024,8.2,,,3568711.0
19-02-2024,9.9,,,3568711.0
20-02-2024,8.8,,,3568711.0
21-02-2024,8.1,,,3568711.0
22-02-2024,9.4,,,3568711.0
23-02-2024,6.6,,,3568711.0
24-02-2024,7.2,,,3568711.0
25-02-2024,9.6,,,3568711.0
26-02-2024,8.3,,,3568711.0
27-02-2024,7.1,,,3568711.0
28-02-2024,6.3,,,3568711.0
29-02-2024,6.1,,,3568711.0
30-02-2024,0.0,,,3568711.0
31-02-2024,0.0,,,3568711.0
01-03-2024,7.2,,,3568711.0
02-03-2024,5.8,,,3568711.0
03-03-2024,6.2,,,3568711.0
04-03-2024,8.7,,,3568711.0
05-03-2024,8.3,,,3568711.0
06-03-2024,6.6,,,3568711.0
07-03-2024,6.6,,,3568711.0
08-03-2024,6.4,,,3568711.0
09-03-2024,5.8,,,3568711.0
10-03-2024,8.1,,,3568711.0
11-03-2024,-53.3,,,3568711.0
12-03-2024,-55.0,,,3568711.0
13-03-2024,0.0,,,3568711.0
14-03-2024,0.0,,,3568711.0
15-03-2024,14.5,,,3568711.0
16-03-2024,10.9,,,3568711.0
17-03-2024,12.9,,,3568711.0
18-03-2024,13.5,,,3568711.0
19-03-2024,15.0,,,3568711.0
20-03-2024,15.5,,,3568711.0
21-03-2024,17.2,,,3568711.0
22-03-2024,15.8,,,3568711.0
23-03-2024,15.3,,,3568711.0
24-03-2024,14.6,,,3568711.0
25-03-2024,11.7,,,3568711.0
26-03-2024,6.5,,,3568711.0
27-03-2024,9.0,,,3568711.0
28-03-2024,10.9,,,3568711.0
29-03-2024,7.4,,,3568711.0
30-03-2024,6.9,,,3568711.0
31-03-2024,6.3,,,3568711.0
01-04-2024,6.9,,,3568711.0
02-04-2024,8.0,,,3568711.0
03-04-2024,11.6,,,3568711.0
04-04-2024,11.9,,,3568711.0
05-04-2024,14.0,,,3568711.0
06-04-2024,16.1,,,3568711.0
07-04-2024,16.3,,,3568711.0
08-04-2024,11.9,,,3568711.0
09-04-2024,10.3,,,3568711.0
10-04-2024,11.4,,,3568711.0
11-04-2024,16.5,,,3568711.0
12-04-2024,15.9,,,3568711.0
13-04-2024,17.2,,,3568711.0
14-04-2024,17.4,,,3568711.0
15-04-2024,18.4,,,3568711.0
16-04-2024,16.6,,,3568711.0
17-04-2024,13.2,,,3568711.0
18-04-2024,13.2,,,3568711.0
19-04-2024,13.1,,,3568711.0
20-04-2024,15.0,,,3568711.0
21-04-2024,15.6,,,3568711.0
22-04-2024,11.4,,,3568711.0
23-04-2024,9.7,,,3568711.0
24-04-2024,10.8,,,3568711.0
25-04-2024,10.9,,,3568711.0
26-04-2024,11.1,,,3568711.0
27-04-2024,10.6,,,3568711.0
28-04-2024,9.8,,,3568711.0
29-04-2024,11.1,,,3568711.0
30-04-2024,11.6,,,3568711.0
31-04-2024,0.0,,,3568711.0
01-05-2024,11.6,,,3568711.0
02-05-2024,10.2,,,3568711.0
03-05-2024,11.0,,,3568711.0
04-05-2024,14.5,,,3568711.0
05-05-2024,14.8,,,3568711.0
06-05-2024,14.0,,,3568711.0
07-05-2024,13.8,,,3568711.0
08-05-2024,15.8,,,3568711.0
09-05-2024,17.1,,,3568711.0
10-05-2024,19.2,,,3568711.0
11-05-2024,19.9,,,3568711.0
12-05-2024,19.7,,,3568711.0
13-05-2024,19.3,,,3568711.0
14-05-2024,15.1,,,3568711.0
15-05-2024,13.6,,,3568711.0
16-05-2024,13.2,,,3568711.0
17-05-2024,14.5,,,3568711.0
18-05-2024,14.6,,,3568711.0
19-05-2024,14.3,,,3568711.0
20-05-2024,13.2,,,3568711.0
21-05-2024,14.2,,,3568711.0
22-05-2024,14.3,,,3568711.0
23-05-2024,15.7,,,3568711.0
24-05-2024,19.3,,,3568711.0
25-05-2024,19.0,,,3568711.0
26-05-2024,18.7,,,3568711.0
27-05-2024,-0.4,,,3568711.0
28-05-2024,22.7,,,3568711.0
29-05-2024,23.8,,,3568711.0
30-05-2024,24.7,,,3568711.0
31-05-2024,22.2,,,3568711.0
01-06-2024,19.3,,,3568711.0
02-06-2024,19.8,,,3568711.0
03-06-2024,22.0,,,3568711.0
04-06-2024,23.3,,,3568711.0
05-06-2024,24.2,,,3568711.0
06-06-2024,24.9,,,3568711.0
07-06-2024,26.6,,,3568711.0
08-06-2024,19.0,,,3568711.0
09-06-2024,19.0,,,3568711.0
10-06-2024,16.5,,,3568711.0
11-06-2024,18.2,,,3568711.0
12-06-2024,19.4,,,3568711.0
13-06-2024,20.2,,,3568711.0
14-06-2024,21.8,,,3568711.0
15-06-2024,22.7,,,3568711.0
16-06-2024,21.1,,,3568711.0
17-06-2024,21.7,,,3568711.0
18-06-2024,19.1,,,3568711.0
19-06-2024,17.8,,,3568711.0
20-06-2024,15.9,,,3568711.0
21-06-2024,19.7,,,3568711.0
22-06-2024,21.4,,,3568711.0
23-06-2024,23.4,,,3568711.0
24-06-2024,24.4,,,3568711.0
25-06-2024,25.4,,,3568711.0
26-06-2024,24.4,,,3568711.0
27-06-2024,25.8,,,3568711.0
28-06-2024,22.1,,,3568711.0
29-06-2024,19.0,,,3568711.0
30-06-2024,20.9,,,3568711.0
31-06-2024,0.0,,,3568711.0
01-07-2024,22.2,,,3568711.0
02-07-2024,23.1,,,3568711.0
03-07-2024,24.5,,,3568711.0
04-07-2024,26.7,,,3568711.0
05-07-2024,28.7,,,3568711.0
06-07-2024,26.9,,,3568711.0
07-07-2024,27.6,,,3568711.0
08-07-2024,23.5,,,3568711.0
09-07-2024,23.8,,,3568711.0
10-07-2024,25.5,,,3568711.0
11-07-2024,27.4,,,3568711.0
12-07-2024,25.7,,,3568711.0
13-07-2024,26.0,,,3568711.0
14-07-2024,24.3,,,3568711.0
15-07-2024,23.3,,,3568711.0
16-07-2024,23.6,,,3568711.0
17-07-2024,24.2,,,3568711.0
18-07-2024,26.5,,,3568711.0
19-07-2024,27.9,,,3568711.0
20-07-2024,26.5,,,3568711.0
21-07-2024,26.0,,,3568711.0
22-07-2024,25.5,,,3568711.0
23-07-2024,28.3,,,3568711.0
24-07-2024,31.1,,,3568711.0
25-07-2024,30.9,,,3568711.0
26-07-2024,30.1,,,3568711.0
27-07-2024,30.5,,,3568711.0
28-07-2024,31.4,,,3568711.0
29-07-2024,29.2,,,3568711.0
30-07-2024,30.1,,,3568711.0
31-07-2024,28.5,,,3568711.0
